# City coordinates for WeatherIQ (GeoNames cities1000, India)
# Format: city,latitude,longitude
# Source: https://download.geonames.org/export/dump/cities1000.zip (CC BY 4.0)
city,latitude,longitude
4 Arm (Kharwali),28.748700,73.067030
7LC,29.403030,73.602560
Aamadi,20.770970,81.489910
Aar,24.507740,73.576870
Abbaspur,33.817400,73.975680
Abdu Rahiman Nagar,11.069830,75.938790
Abhaneri,27.007430,76.607600
Abhanpur,21.053090,81.740880
Abhayapuri,26.322550,90.685260
Abiramam,9.442300,78.439900
Abohar,30.144530,74.195520
Abrama,20.858650,72.906480
Abu,24.593650,72.717560
Abu Road,24.480120,72.781860
Achalpur,21.256650,77.510060
Achampet,16.398200,78.637580
Achanputtur,9.041430,77.296930
Acharapakkam,12.402790,79.816990
Acharipallam Vaniyakudi,8.174280,77.384860
Achchippatti,10.699790,77.012480
Achhibal,33.684090,75.218350
Achhnera,27.178260,77.756740
Adaikkakuzhi,8.307790,77.141100
Adalaj,23.164530,72.581070
Adampur_Haryana,29.280260,75.468180
Adampur_Punjab,31.432240,75.714840
Adanattutekkumuri Kizhakku,9.079090,76.513670
Adatt,10.544040,76.142300
Adbhar,21.953450,83.024750
Addanki,15.810610,79.973380
Adde Vishwanathapura,13.205840,77.547250
Adduru,12.920490,74.956560
Adh,28.867230,77.792400
Adha Chat,27.906550,80.763220
Adichanallur,8.880490,76.715580
Adigaratti,11.334420,76.697050
Adilabad,19.672030,78.535900
Adirampattinam,10.340590,79.379050
Adityapatna,13.268910,76.714900
Adiyanuthu,10.330750,77.981180
Adoni,15.627880,77.274950
Adra,23.496680,86.683630
Adri,20.965910,70.288570
Adur,9.155950,76.731920
Aduthurai,11.015420,79.480930
Adyar,12.870330,74.922570
Afzalgarh,29.393700,78.673930
Afzalpur,17.199860,76.360180
Agar,23.711770,76.015710
Agaram_Tamil_Nadu,10.443250,77.948480
Agartala,23.836050,91.279390
Agastinuagan,19.370030,85.034280
Agastiswaram,8.099640,77.521530
Agatti,10.835220,72.182170
Agra,27.183330,78.016670
Agrahara Samakkulam,11.152790,77.011040
Ahilyanagar,19.094570,74.738430
Ahiri,19.413860,80.003590
Ahirkheri,22.680000,75.804820
Ahiwara,21.357990,81.417940
Ahmadabad Cantonment,23.047680,72.609870
Ahmadpur_Maharashtra,18.706220,76.937310
Ahmadpur_West_Bengal,23.830090,87.686610
Ahmedabad,23.025790,72.587270
Ahmedgarh,30.677310,75.826330
Ahor,25.368700,72.780380
Ahraura,25.015790,83.032940
Ahwa,20.757180,73.686260
Air Khas,25.932370,79.514560
Airavadanallur,9.905750,78.155210
Airoli,19.150960,72.996250
Aish Maqam,33.865030,75.283690
Aistala,23.180000,88.580000
Aizawl,23.728940,92.717910
Ajaigarh,24.898790,80.259210
Ajani Khurd,18.619900,76.941250
Ajanur,12.336140,75.092970
Ajara,16.116010,74.210970
Ajeetgarh,27.419330,75.821430
Ajjampur,13.727940,76.006800
Ajmer,26.452100,74.638670
Ajnala,31.844730,74.762950
Akaira,28.231030,76.850810
Akalgarh_Punjab,30.759510,75.645650
Akalkot,17.525320,76.206110
Akalkuva,21.554300,74.019220
Akaltara,22.024630,82.426410
Akasahebpet,17.504550,82.565970
Akathiyur,10.680880,76.094190
Akbarpur_Uttar_Pradesh,26.429530,82.534310
Akdoni Khurd,24.157890,86.279670
Akera,27.012080,75.808840
Akhnur,32.895500,74.734860
Akividu,16.582250,81.381120
Akkarampalle,13.650000,79.420000
Aklera,24.412880,76.567190
Akluj,17.892410,75.021380
Akoda,26.533380,78.903640
Akodia,23.380270,76.598750
Akola,20.709570,76.998100
Akot,21.096300,77.058800
Ala,10.253530,76.185680
Alagappapuram,8.146780,77.541310
Alagapuram,11.887050,78.917580
Alagdiha,23.733270,86.452710
Alamadi,13.209200,80.109700
Alamelumangapuram,12.942230,79.186880
Alampalaiyam,11.363530,77.767730
Alampur_Madhya_Pradesh,26.025140,78.796970
Alampur_Telangana,15.879870,78.133520
Aland,17.564250,76.568540
Alandi,18.677560,73.898680
Alandur,13.002500,80.206110
Alandurai,10.953220,76.790030
Alang,21.398780,72.175440
Alangad,10.101920,76.291040
Alanganallur,10.046970,78.090330
Alangayam,12.622350,78.752070
Alangudi,10.360600,78.984920
Alangulam,8.864040,77.499370
Alankod,10.746030,76.034810
Alapakam,12.894440,80.111110
Alappakkam_Tamil_Nadu,12.676040,79.995360
Alappuzha,9.490040,76.326400
Alattur,10.650000,76.533330
Alaudia,23.685570,84.732940
Alawalpur,31.431610,75.656140
Aldona,15.593370,73.874820
Alengad,10.119010,76.302260
Alevur,13.310070,74.788560
Ali,28.516100,77.309930
Alibag,18.648130,72.875790
Aliganj,27.493580,79.171270
Aligarh_Rajasthan,25.965170,76.083020
Aligarh_Uttar_Pradesh,27.881450,78.074640
Alikherva,22.281070,73.717920
Alipur,28.798620,77.133140
Alipur Duar,26.483500,89.522860
Alirajpur,22.303930,74.355680
Aliyabad,12.631680,79.216360
Allahganj,27.545400,79.687150
Allapalli,19.431720,80.063770
Allapuram,12.895090,79.127860
Allinagaram,10.027370,77.478150
Allipur,17.676300,77.628870
Allipura,13.488480,77.458590
Almora,29.597130,79.659110
Alnavar,15.427270,74.741110
Along,28.169510,94.800600
Alot,23.763360,75.556620
Alur_Karnataka,12.978050,75.990940
Alur_Kerala,10.602960,76.096110
Alur_Tamil_Nadu,8.193110,77.364280
Aluva,10.107640,76.351580
Alwa Tirunagari,8.606350,77.939830
Alwar,27.562460,76.625000
Alwarkurichchi,8.783800,77.395240
Alwaye,10.106490,76.354840
Amalapuram,16.578680,82.006090
Amalner,21.039830,75.058870
Amanganj,24.426640,80.035790
Amanpur,27.712220,78.737880
Amaravati_Andhra_Pradesh,16.514000,80.516000
Amaravati_Karnataka,14.515900,75.819340
Amardad,21.697130,69.720570
Amargarh,30.462070,76.014380
Amarkantak,22.674860,81.759080
Amarpatan,24.313710,80.977030
Amarpur_Bihar,25.039670,86.902470
Amarpur_Tripura,23.525700,91.658790
Amarwara,22.297800,79.169430
Amathur,9.562860,77.858860
Ambad,19.613010,75.789060
Ambagarh Chauki,20.776440,80.746080
Ambah,26.704230,78.226780
Ambahta,29.857060,77.335830
Ambaji,24.331740,72.845640
Ambajogai,18.733120,76.386160
Ambala,30.360990,76.797820
Ambala Sadar,30.335440,76.862650
Ambaliyasan,23.449860,72.423330
Amballur,10.434310,76.263410
Ambara,22.190220,78.670790
Ambarnath,19.200000,73.166670
Ambasa,23.936000,91.854360
Ambasamudram,8.710680,77.451900
Ambattur,13.098180,80.161520
Ambepur,18.688260,72.985530
Ambicapur Pt VI,24.782620,92.789190
Ambicapur Pt VIII,24.820880,92.775430
Ambikanagar,15.127230,74.656990
Ambikapur,23.118920,83.195370
Ambikapur Part-X,24.799250,92.791960
Ambikapuram,10.793850,76.653030
Ambivali T. Tungartan,18.897750,73.172910
Amboli,21.288510,72.950620
Ambur,12.791630,78.716440
Amet,25.306090,73.925800
Amethi_Uttar_Pradesh,26.156960,81.805190
Amgaon,21.371960,80.384460
Amguri,26.814820,94.526140
Amingaon,26.184910,91.678600
Amingarh,16.056620,75.947730
Amini,11.114080,72.719070
Aminpur,17.524200,78.322730
Amkhera,23.213340,79.933360
Amla,21.924850,78.127860
Amlabad,23.686960,86.376640
Amlagora,22.846160,87.335590
Amlai,23.198380,81.580640
Amli,20.283330,73.016670
Amloh,30.608370,76.231990
Ammainaickanur,10.167070,77.913180
Ammanur,13.065050,79.653030
Ammapattinam,10.015340,79.231370
Ammapettai_Tamil_Nadu,10.794760,79.319860
Ammavarikuppam,13.177940,79.412780
Ammur,12.975000,79.362790
Amod,21.993170,72.870470
Ampati,25.462300,89.933250
Amrala,28.779980,77.608740
Amravati,20.933330,77.750000
Amreli,21.599830,71.211690
Amritsar,31.622340,74.875340
Amroha,28.903140,78.469840
Amroli,21.250840,72.838780
Amta,22.583440,88.010390
Amudalavalasa,18.410250,83.902950
Amur,18.792840,78.276660
Anaimalai,10.583030,76.934410
Anaiyur,9.961520,78.111800
Anakapalle,17.691340,83.003950
Anakaputhur,12.982800,80.126400
Anand,22.552510,72.955200
Anand Nagar,26.224050,90.226550
Anandanagar,23.808700,91.312990
Anandnagar,27.100620,83.271560
Anandpar,22.322000,70.845560
Anandpur_Odisha,21.214110,86.124920
Anandpur_Punjab,31.239260,76.502530
Anantapur,14.677840,77.608130
Anantapuram,12.118610,79.382200
Anantnag,33.730680,75.154180
Anantpur,19.932890,75.012350
Ancharakandy,11.884100,75.485010
Andada,21.655880,73.021510
Andipalayam,11.092460,77.312250
Andippatti,9.997970,77.620970
Andol,17.814580,78.077130
Andro,24.748540,94.042960
Andrott,10.811860,73.674080
Anekal,12.711100,77.695570
Angamali,10.190550,76.387890
Angul,20.840890,85.101920
Anini,28.797920,95.902280
Anjad,22.041710,75.055190
Anjangaon,21.165160,77.309100
Anjani Budruk,20.172160,76.647770
Anjani Khurd,20.066880,76.478550
Anjanvel,17.551040,73.145670
Anjar,23.113160,70.026710
Anjira,20.826440,86.033530
Anjugramam,8.154370,77.578070
Anjuna,15.580050,73.744870
Anjur,10.591690,76.154490
Anklav,22.377380,73.000720
Ankleshwar,21.632360,72.990010
Anklesvar INA,21.616750,73.027590
Ankola,14.660490,74.304700
Annal Agraharam,10.948540,79.368260
Annamalainagar,11.400000,79.733330
Annavasal,10.460600,78.700290
Annigeri,15.425130,75.433500
Annur,11.236160,77.105140
Anshing,20.040900,77.315010
Ant_Uttar_Pradesh,27.443150,80.468650
Anta,25.150000,76.300000
Antagarh,20.092560,81.158600
Antaliya,20.765320,72.990660
Antarjal,23.054450,70.083060
Anthicad,10.458380,76.121480
Anthiyur,11.575060,77.590430
Antri,26.058040,78.210270
Antu,26.056540,81.902670
Anupgarh,29.191110,73.208610
Anuppanadi,9.903960,78.143260
Anuppankulam,9.419410,77.843030
Anuppur,23.103440,81.690830
Anupshahr,28.357480,78.269140
Anwaram,17.632970,78.379530
Anwari,25.153240,83.622950
Aonla,28.274020,79.165210
Appukkudal,11.468450,77.576640
Apra,31.086280,75.879070
Apta,18.854130,73.129630
Aquem,15.258360,73.985670
Ara,23.760410,85.541500
Arachchalur,11.162700,77.700720
Arakandanallur,11.972020,79.222760
Arakkonam,13.084490,79.670530
Aralgoria,23.751940,86.364280
Arambagh,22.883330,87.783330
Arambol,15.686810,73.704490
Aramboli,8.249620,77.521610
Arang,21.196390,81.969120
Arangaon,19.026810,74.714870
Arantangi,10.172350,78.991180
Araria,26.149340,87.513230
Arasur,11.086630,77.114600
Aravakkurichchi,10.775980,77.908690
Arcot,12.905690,79.318970
Arempudi,17.269630,82.375140
Areraj,26.550300,84.680100
Arimalam,10.254980,78.884030
Ariyallur,11.083280,75.849040
Ariyalur,11.138490,79.075560
Ariyankuppam,11.895320,79.807090
Ariyur,12.875580,79.103390
Arjunda,20.946050,81.202000
Arjyapalli Marine,19.316700,84.973730
Arkalgud,12.761710,76.060350
Arki,31.151960,76.966750
Arkula,12.874300,74.943450
Arni,12.667710,79.285290
Aron,24.381090,77.417390
Aroor,9.869400,76.304980
Arrah,25.556290,84.663350
Arsande,23.429650,85.351430
Arshakunti,13.078490,77.422470
Arsikere,13.314460,76.257040
Arsodiya,23.248980,72.521220
Artist Village,19.032270,73.042760
Arukutti,9.866670,76.350000
Arumanai,8.366960,77.243330
Arumbanur,9.994370,78.192450
Arumbavur,11.380960,78.729650
Arumuganeri,8.568800,78.090910
Aruppukkottai,9.509600,78.095880
Aruvankad,11.363150,76.757900
Arvi,20.995850,78.229140
Arwal,25.242810,84.665710
Arwani,33.782260,75.067390
Arya,22.921370,76.942940
Asan Khurd,29.404450,76.873230
Asandh,29.521190,76.605520
Asangaon,19.438660,73.305940
Asansol,23.683330,86.983330
Asara_Maharashtra,20.059010,78.012580
Asara_Uttar_Pradesh,29.247140,77.308860
Asarganj,25.150460,86.686390
Asham,34.251710,74.625940
Ashmuji Khalsa,33.671290,75.072660
Ashokapuram,11.101730,76.954480
Ashoknagar,24.575780,77.731230
Ashoknagar Kalyangarh,22.864160,88.637010
Ashta_Madhya_Pradesh,23.017540,76.722080
Ashta_Maharashtra,16.949430,74.409360
Ashti_Maharashtra,19.376710,76.225200
Asifabad,19.358510,79.284150
Asika,19.611140,84.659980
Asind,25.734200,74.332780
Asola,28.457260,77.184130
Asudubi,26.023160,90.665830
Atarra,25.286180,80.571550
Ateli Mandi,28.100800,76.259800
Athagarh,20.519990,85.629650
Athani,16.726130,75.064210
Athiyannur,8.393000,77.063710
Athmallik,20.721150,84.535140
Athner,21.623820,77.915230
Atholi,11.388530,75.759700
Atmakur_Andhra_Pradesh,15.881090,78.587040
Atmakur_Telangana,16.338020,77.808550
Atrauli,28.029640,78.285710
Atraulia,26.333300,82.947270
Atru,24.876860,76.661050
Attani,11.522050,77.512190
Attanur,11.500610,78.135570
Attayampatti,11.532720,78.053630
Attibele,12.778090,77.772590
Attili,16.700000,81.600000
Attimarappatti,8.739880,78.105340
Attingal,8.696090,76.815070
Attippatti,9.493890,78.127110
Attippattu,13.263290,80.291100
Attur_Tamil_Nadu,11.594140,78.601430
Atul,20.543640,72.941140
Audhan,20.848070,74.766090
Auhammadpur Majri,28.729220,77.038270
Aur,31.068390,76.002450
Aurad,18.253970,77.417610
Auraiya,26.465170,79.509180
Aurangabad Cantonment,19.876090,75.291610
Aurangabad_Bihar,24.752040,84.374200
Aurangabad_Maharashtra,19.877570,75.342260
Auras,26.914140,80.507920
Auroville,12.005490,79.808850
Ausa,18.247280,76.499300
Avadattur,11.701350,77.863820
Avadi,13.114700,80.109810
Avalepalli,12.771370,77.859410
Avalpundurai,11.231050,77.718190
Avanigadda,16.021480,80.918080
Avaniyapuram,9.881790,78.112550
Avanoor,10.608260,76.176200
Avanur,10.602370,76.175230
Avarpuri,19.793180,79.129210
Aversa,14.733330,74.300000
Avilala,13.611060,79.420800
Avinashi,11.192970,77.268650
Avinissery,10.469940,76.230050
Awantipur,33.919780,75.015150
Aya Nagar,28.472020,77.132700
Ayakod,8.345660,77.298740
Ayakudi,10.449920,77.551980
Ayanavelikulangara Vadakku,9.042980,76.522970
Ayancheri,11.626090,75.674270
Ayikudi,9.003220,77.344940
Aymanam,9.606840,76.500550
Ayodhya,26.799090,82.204700
Ayodhyapattanam,11.675460,78.240910
Ayyalur,10.481850,78.156390
Ayyampalaiyam,10.225280,77.748490
Ayyampettai,10.901410,79.179840
Ayyanur Teppakkuttai,11.596000,77.983880
Azamgarh,26.068320,83.183580
Azara,26.124080,91.611610
Azhagiapandipuram,8.300660,77.443940
Azhikkal,11.940430,75.305120
Azhikkod,11.919850,75.335490
Azhiyur,11.693480,75.560130
Azhoor,8.644150,76.798970
Baba Bakala,31.555450,75.263890
Babai_Madhya_Pradesh,22.702560,77.934940
Babai_Rajasthan,27.887600,75.762230
Babarpur,28.687470,77.285580
Baben,21.137250,73.096470
Baberu,25.547110,80.704430
Babina,25.239470,78.470280
Bablai,30.357290,76.879000
Babra,21.845770,71.305440
Babrala,28.264190,78.405600
Babugarh,28.723530,77.846770
Bacheli,18.684350,81.268610
Bachhraon,28.926940,78.234560
Bachhrawan,26.470900,81.115800
Bachra,23.688440,85.085530
Bad_Bihar,25.113010,84.292980
Bad_Uttar_Pradesh,27.410670,77.692240
Bada,26.064790,75.021550
Bada Barabil,22.111860,85.386840
Bada Malhera,24.564120,79.307120
Badagabettu,13.333480,74.799900
Badagal Ulipadi,12.952060,74.958150
Badagara,11.597760,75.581420
Badagrama,13.191050,74.747220
Badakodanda,19.937390,84.550620
Badamba,20.419120,85.344630
Badami,15.914950,75.676830
Badamibagh,34.073810,74.852760
Badarpur,24.868520,92.596060
Badarpur Railway Town,24.871060,92.570420
Badarwas,24.975160,77.564900
Baddi,30.957830,76.791360
Baddowal,30.861130,75.746900
Badepalli,16.754900,78.144270
Badgam,34.015240,74.720740
Badh Malak,28.919810,77.095770
Badhni Kalan,30.681300,75.290870
Badi,23.036670,78.084170
Badlapur,19.155160,73.265530
Badmal,20.380490,83.286400
Badnawar,23.021810,75.232680
Badra,23.191680,81.929190
Badshahpur,28.393170,77.049190
Baduria,22.744310,88.786550
Badvel,14.745100,79.062880
Bag,22.359050,74.790520
Baga,15.565170,73.755170
Bagaha_Bihar,27.099180,84.090030
Bagalkot,16.186730,75.696140
Bagar,28.187840,75.500120
Bagasra,21.487190,70.955160
Bagbahra,21.046060,82.386400
Bagbera,22.759480,86.190490
Bagdogra,26.699290,88.311770
Bagepalli,13.783380,77.796670
Bageshwar,29.837380,79.771610
Bagha Purana,30.688090,75.098380
Baghamara,25.189540,90.647890
Baghaula,28.208790,77.307910
Baghpat,28.944850,77.218650
Bagicha,22.977300,83.657050
Bagli,22.641240,76.348770
Bagnan,22.933380,88.138560
Bagra,23.733330,86.316670
Bagrana,26.884740,75.932390
Bagru,26.810670,75.547020
Bagula,23.336640,88.641090
Bah,26.869120,78.593850
Bahadurganj,26.261720,87.824430
Bahadurgarh,28.692870,76.935550
Bahadurpur,26.115190,85.902360
Baharampur,24.104730,88.251550
Bahbari Gaon,27.480550,95.326270
Baheri,28.774160,79.497400
Bahjoi,28.395020,78.626590
Bahraigh,27.574290,81.594740
Bahrampur,32.131460,75.395590
Bahsuma,29.200630,77.972210
Bahua,25.839420,80.622550
Bahula,23.651760,87.164750
Baidyabati,22.784980,88.325860
Baihar,22.101330,80.549670
Baikunthpur_Chhattisgarh,23.262060,82.560510
Baikunthpur_Madhya_Pradesh,24.727680,81.409750
Bail-Hongal,15.813700,74.858950
Bairagnia,26.740630,85.273230
Baisi,25.863020,87.744870
Bajna,27.897930,77.678360
Bajpe,12.980290,74.883180
Bajwa,22.368130,73.140620
Bakani,24.286240,76.237090
Bakarwala,28.667800,77.020110
Bakewar,26.662260,79.176250
Bakhri,25.598890,86.260740
Bakhtawarpur,28.823400,77.175390
Bakhtiarpur,25.455980,85.532900
Bakhtiyarpur,25.461790,85.531790
Bakloh,32.479390,75.918740
Bakreswar,23.883200,87.372650
Bakultala,12.503990,92.861700
Balachor,31.060620,76.301660
Balaga,18.315450,83.893260
Balaghat,21.815600,80.188450
Balagunda,22.100000,85.366670
Balakrishnanpatti,11.238880,78.485800
Balakrishnapuram,10.359090,78.002610
Balangir,20.704190,83.490290
Balapur_Maharashtra,20.666120,76.773860
Balapur_Telangana,17.310180,78.499690
Balarampur,23.097140,86.222920
Balasamudram,10.419050,77.499160
Balasore,21.492660,86.933480
Balaungi,30.730580,76.693680
Baldeogarh,24.756190,79.067150
Baldeopur,28.655730,79.857370
Baldev,27.406840,77.822140
Bali Chak,22.364820,87.553040
Bali Koria,26.439300,91.422470
Bali_Rajasthan,25.197250,73.291170
Bali_West_Bengal,22.648590,88.341150
Baliapur,23.722490,86.525950
Baliguda,20.199660,83.909380
Balimila,18.251670,82.106590
Balipatapur,19.935630,85.496770
Balirampur,19.120820,77.339430
Balitha,20.389260,72.913480
Baliyasan,23.460610,72.388240
Balkudra,23.647270,85.315990
Ballari,15.142050,76.923980
Ballarpur,19.846960,79.345780
Ballia,25.421390,86.314450
Balod,20.730810,81.205780
Baloda,22.138900,82.481710
Baloda Bazar,21.656780,82.160620
Balotra,25.832420,72.240000
Balrampur_Chhattisgarh,23.612190,83.611150
Balrampur_Uttar_Pradesh,27.429490,82.185450
Balria,24.354360,73.735000
Balugan,19.733330,85.216670
Balugaon,20.178380,85.113270
Balurghat,25.220990,88.777320
Balussheri,11.447380,75.829440
Bamaur,26.338950,78.101040
Bambolim,15.463610,73.853100
Bamboo Flat,11.700000,92.716670
Bamhni,22.482210,80.371570
Bamna,23.094540,74.761640
Bamor Kalan,24.892980,78.151050
Bamora,24.055390,78.089250
Bamun Sualkuchi,26.168260,91.581720
Banapur,19.778890,85.170330
Banasthali,26.404040,75.869580
Banat,29.463550,77.354780
Banavar,13.410290,76.163140
Banbasa,28.991320,80.076080
Banda_Madhya_Pradesh,24.044880,78.960940
Banda_Maharashtra,15.811810,73.861180
Banda_Uttar_Pradesh,25.477580,80.334910
Bandarulanka,16.582820,81.961670
Bandbahal,21.749410,83.877570
Bandh Dih,23.658770,86.017260
Bandhgora,23.621390,86.146640
Bandikui,27.050870,76.573250
Bandipura,34.417280,74.643080
Bandlaguda,17.351120,78.391180
Bandora,15.408230,73.981290
Banga,31.188740,75.994950
Banganapalle,15.317710,78.226690
Bangaon_Assam,26.416670,91.333330
Bangaon_Bihar,25.867280,86.511520
Bangaon_West_Bengal,23.045530,88.830840
Bangarapet,12.991160,78.178040
Bangarda,22.759200,75.795360
Bangarda Chhota,22.743540,75.814480
Bangarmau,26.891200,80.211490
Bangawan,23.192590,82.127200
Bangomunda,20.343020,82.911360
Bangramanjeshvara,12.708940,74.894700
Banihal,33.436470,75.196840
Banjar,31.639000,77.340550
Bank,22.702960,75.803900
Banka,24.880910,86.922570
Bankapur,14.922950,75.262210
Banki,20.379120,85.529530
Bankimnagar,23.818660,91.431320
Bankner,28.852520,77.078690
Bankoli,28.812040,77.141230
Bankra,22.602910,88.277510
Bankura,23.232410,87.071600
Banmankhi,25.888570,87.194210
Banmankhi Bazar,25.887610,87.193560
Bannur,12.332950,76.862010
Banposh,22.248340,84.810440
Bansatarkheda,23.791920,79.338960
Bansbaria,22.953870,88.400980
Bansdih_Bihar,25.978810,85.924610
Bansdih_Uttar_Pradesh,25.883770,84.218270
Bansgaon,26.550320,83.345030
Bansi,27.177490,82.934420
Banskhoh,26.830890,76.152050
Banswada,18.377250,77.880070
Banswara,23.541090,74.442500
Bantva,21.488150,70.075760
Bantval,12.890500,75.034890
Banur,30.554070,76.719480
Baola,22.828440,72.363640
Baonli,26.326110,76.228290
Bapatla,15.904220,80.467430
Baprola,28.641330,77.014150
Baqiabad,28.732500,77.246880
Bar,23.162760,73.422700
Bar Bigha,25.218550,85.733200
Bara,24.805790,84.789910
Bara Bazar,22.566670,88.350000
Bara Uchana,29.467470,76.177980
Baragaon_Madhya_Pradesh,24.568180,79.018520
Baragaon_Uttar_Pradesh,25.429360,82.817090
Barajamda,22.164900,85.427240
Barakpur,22.766020,88.363360
Baral,25.918470,74.629390
Baralota,24.040170,84.080650
Baramati,18.151740,74.577670
Baramkela,21.564940,83.261140
Baramula,34.209000,74.342850
Baran,25.100000,76.516670
Baranagar,22.641320,88.377270
Barara,30.214650,77.040250
Barasat,22.721540,88.481980
Barauda,23.557530,75.248940
Barauli,26.381090,84.586480
Barauni_Bihar,25.470900,85.976000
Barauni_Madhya_Pradesh,25.685140,78.375370
Baraut,29.101990,77.263340
Barbari (AMC Area),27.491400,94.932530
Barbigha,25.216700,85.733300
Barbil,22.101940,85.377520
Barddhaman,23.255720,87.856910
Bardol,21.381890,83.593880
Bardoli,21.122970,73.111510
Bardubhi,23.731530,86.346700
Bare,12.445990,75.042020
Bareilly,28.366780,79.431670
Bareja,22.848630,72.591370
Barela,23.096780,80.050840
Bareli,23.004450,78.230100
Bareta,29.863520,75.696440
Bargaon,24.632390,73.682580
Bargarh,21.333480,83.619050
Bargawan,23.319420,85.390150
Barghat,22.030650,79.732800
Bargi,22.991380,79.875500
Bargur,12.542880,78.357350
Barh,25.483390,85.709280
Barhagarh,19.645030,84.407910
Barharwa,24.857110,87.778960
Barhi Majra,30.114060,77.305470
Barhi_Jharkhand,24.303650,85.414190
Barhi_Madhya_Pradesh,23.903260,80.815160
Barhiya,25.288140,86.020550
Bari,26.646610,77.616340
Bari Sadri,24.413390,74.473310
Bariarpur,25.287910,86.576430
Barigarh,25.232480,80.034660
Barika Chuburi,26.636320,92.808540
Baripada,21.934580,86.728520
Bariyar,32.063540,75.435200
Barjala,23.618200,91.355960
Barjora,23.427540,87.290370
Barka Kana,23.621180,85.467480
Barkhera Kalan,28.452090,79.806550
Barki Saria,24.175940,85.889380
Barkot,30.808610,78.205960
Barkuhi,22.190110,78.704720
Barla,26.429890,74.727070
Barmer,25.745720,71.392110
Barmhan Kalan,23.034600,79.020920
Barnagar,23.048900,75.378040
Barnala,30.374510,75.548700
Barod,23.788910,75.811590
Baroda,25.500000,76.650000
Barora,23.791990,86.228740
Barpali,21.190050,83.587210
Barpathar,26.287090,93.888440
Barpeta,26.322930,91.006320
Barpeta Road,26.502840,90.969370
Barsana,27.648020,77.376400
Barshi,18.234540,75.692750
Barsur,19.135560,81.383940
Barua Bari Gaon,26.117990,91.965640
Baruipur,22.365440,88.432500
Baruni,25.475090,85.968130
Baruwali,30.537850,74.653810
Barwadih,23.847800,84.110490
Barwah,22.253940,76.038530
Barwala_Delhi,28.761290,77.062780
Barwala_Gujarat,22.219830,72.067550
Barwala_Haryana,29.367470,75.908090
Barwani,22.032320,74.899820
Basar,27.990080,94.694510
Basavakalyan,17.874450,76.949720
Basavana Bagevadi,16.572780,75.972520
Bashettihalli,13.261580,77.553790
Bashohli,32.499720,75.815600
Basi_Punjab,30.588130,76.844980
Basi_Rajasthan,26.831500,76.048560
Basirhat City,22.661420,88.854770
Basmat,19.328720,77.157460
Basna,21.278850,82.826700
Basni,27.172320,73.645190
Basoda,23.851530,77.936520
Baspalli,17.539090,78.363550
Bastar,19.203060,81.929590
Basti,26.788170,82.716170
Basudebpur,21.119740,86.728960
Basugaon,26.467420,90.419510
Basukinath,24.394460,87.086430
Baswa,27.149550,76.583450
Bat,24.855610,83.071570
Batala,31.809210,75.202940
Batarashi,24.869360,92.334940
Bathinda,30.207470,74.938930
Batoti,33.118260,75.308890
Baua Kalan,23.812060,86.364660
Baud,20.837730,84.326180
Bawal,28.071840,76.583120
Bawana,28.798200,77.034310
Bawani Khera,28.949190,76.031080
Bay,27.313940,75.295940
Bayad,23.223400,73.214910
Bayana,26.907910,77.289850
Bayanpur,28.963300,77.008110
Bazpur,29.152990,79.108140
Beawar,26.101190,74.320280
Becharaji,23.499380,72.044690
Bed,22.431030,69.899830
Bedi,22.501430,70.043630
Bedla,24.634470,73.694610
Beed,18.989210,75.756340
Beerwah,34.012380,74.595630
Beg,27.433010,79.440410
Begamganj,23.599170,78.340640
Begampur_Delhi,28.726550,77.066890
Begampur_West_Bengal,22.730700,88.257640
Begowal,31.611520,75.521350
Begun,24.983330,75.000000
Begusarai,25.418530,86.133890
Behat,30.171800,77.613900
Behjoga,31.938490,75.814930
Behlana,30.678130,76.800600
Behror,27.888320,76.281080
Bekobar,24.419170,85.588800
Bela_Bihar,25.557070,84.430780
Bela_Maharashtra,21.155720,79.617740
Bela_Uttar_Pradesh,25.920580,81.996290
Belagachhia,20.423300,85.852280
Belagavi,15.852120,74.504470
Belaguntha,19.882490,84.638010
Beldanga,23.934280,88.260180
Beliator,23.320520,87.220810
Bellampalli,19.055770,79.493000
Belluru,12.981400,76.733080
Belma,12.813830,74.905420
Belonia,23.251780,91.454070
Belpahar,21.821800,83.845800
Belsand,26.443650,85.400760
Belsor,26.381820,91.351580
Beltangadi_Karnataka,12.979500,75.269950
Belthangady,12.987990,75.282410
Belur_Karnataka,13.165580,75.865190
Belur_Tamil_Nadu,11.707520,78.414370
Belvata,12.355390,76.649560
Bemetara,21.715560,81.534230
Benaulim,15.264350,73.928120
Bengaluru,12.971940,77.593690
Beniganj,27.292930,80.443640
Benipur,26.055090,86.145570
Benkanhalli,15.864080,74.457010
Beohari,24.024230,81.378310
Berasia,23.631340,77.433510
Berhait,24.889970,87.607280
Beri Khas,28.701460,76.577080
Beriwala,28.704630,72.641920
Berla,21.525850,81.478400
Bermo,23.787810,85.935260
Beswan,27.637920,77.880190
Betamcherla,15.451440,78.147970
Bethamangala,13.008460,78.328240
Betma,22.686530,75.614560
Bettiah,26.802290,84.503110
Betul,21.900560,77.902290
Betul Bazar,21.855720,77.929130
Bewar,27.218690,79.297610
Beypore,11.171510,75.806110
Bhabhar,24.071650,71.597450
Bhabhra,22.530480,74.328460
Bhabhua,25.040490,83.607490
Bhachau,23.298580,70.342790
Bhadarwah,32.979410,75.717230
Bhadasar,28.314570,74.289520
Bhadauni,24.875440,85.533690
Bhadaur,30.476510,75.330490
Bhadgaon,20.669050,75.229370
Bhadkodara,21.604160,73.014760
Bhadohi,25.395260,82.570300
Bhadra,29.102980,75.171380
Bhadrachalam,17.668460,80.888870
Bhadrak,21.054470,86.515600
Bhadravati_Karnataka,13.848460,75.705020
Bhadravati_Maharashtra,20.100100,79.114420
Bhadreswar,22.824490,88.338410
Bhadson,30.506660,76.247070
Bhagal Jagana,24.126070,72.386170
Bhagalpur,25.244460,86.971830
Bhagdawada,20.433360,72.913540
Bhagirathpur_Bihar,25.893690,85.776250
Bhagta,30.475660,75.098100
Bhagur,19.875990,73.833820
Bhagwantnagar,26.223830,80.757500
Bhainsa,23.864750,78.729990
Bhainsdehi,21.644910,77.630230
Bhairabi,24.195390,92.545420
Bhairamgarh,19.006410,81.059170
Bhairapura,12.219980,76.898690
Bhaisa,19.112850,77.963360
Bhakarsahi,20.185520,86.010290
Bhakhara,20.899530,81.602840
Bhakli,28.416540,76.475430
Bhalki,18.043480,77.206000
Bhalpara,20.913690,70.387030
Bhalswa Jahangirpur,28.735580,77.166820
Bhalukdubi,26.157460,90.613130
Bhamal,23.780920,86.734990
Bhamian Kalan,30.919110,75.942330
Bhandara,21.168170,79.648850
Bhandardaha,22.614760,88.191900
Bhander,25.735810,78.745550
Bhandra,23.878660,86.103580
Bhanjanagar,19.927190,84.582010
Bhankarpur,30.606160,76.836310
Bhanpura,24.513000,75.746900
Bhanpuri,21.091900,80.932180
Bhanumukkala,15.311890,78.227720
Bhanupratappur,20.309750,81.073060
Bhanur,17.489860,78.177370
Bhanvad,21.930530,69.780810
Bhapur,20.174190,86.006130
Bharanikavu Tekku,9.184850,76.560760
Bharatpur,27.217310,77.490090
Bhardua,24.920020,83.794780
Bharthana,26.752310,79.221800
Bharthana Kosad,21.266570,72.870910
Bharuch,21.694820,72.980500
Bharuch INA,21.734020,73.010640
Bharwari,25.560780,81.491640
Bharweli,21.837320,80.227060
Bhat,23.102910,72.636030
Bhatapara,21.735000,81.947110
Bhatgaon_Chhattisgarh,23.359790,82.996610
Bhati,28.429530,77.225690
Bhatkal,13.985340,74.555310
Bhatli,21.458190,83.535880
Bhatpara,22.866430,88.401130
Bhattian,30.961000,75.828860
Bhattiprolu,16.102600,80.780740
Bhauri,24.660940,72.914010
Bhavani,11.445530,77.682150
Bhavanisagar,11.480590,77.129120
Bhavnagar,21.762870,72.153310
Bhawani Mandi,24.415820,75.835520
Bhawanigarh,30.266850,76.038540
Bhawanipatna,19.907170,83.166970
Bhawanipur,26.453520,87.027440
Bhayandar,19.301570,72.851070
Bhayavadar,21.855230,70.247910
Bhelai,22.309300,82.609530
Bheraghat,23.131680,79.801070
Bhetia,22.793210,86.140980
Bhigvan,18.300700,74.767010
Bhikangaon,21.867640,75.963910
Bhikhi,30.059180,75.535000
Bhikkiwind Uttar,31.349430,74.702710
Bhikshandarkovil,10.882660,78.704560
Bhilad,20.276750,72.885580
Bhilai,21.209190,81.428500
Bhilai Charoda,21.223050,81.456090
Bhilakhedi,22.599210,77.703510
Bhiloda,23.767600,73.247040
Bhilwara,25.347070,74.640810
Bhim,25.738040,74.080130
Bhim Kanari,23.797790,86.194940
Bhim Tal,29.344470,79.563360
Bhimarayanagudi,16.726310,76.797780
Bhimavaram_Andhra_Pradesh,16.540780,81.523220
Bhimavaram_Telangana,18.029900,79.539100
Bhimnagar,20.724340,78.584370
Bhimpur,20.450000,72.883330
Bhimunipatnam,17.890170,83.452030
Bhind,26.566710,78.787280
Bhindar,24.502350,74.185510
Bhinga,27.702830,81.934300
Bhinmal,24.999440,72.271410
Bhisiyana,30.280890,74.772080
Bhitarwar,25.792160,78.110850
Bhiwadi,28.210240,76.860560
Bhiwandi,19.300230,73.058810
Bhiwani,28.793040,76.139680
Bhogpur,31.554420,75.642710
Bhojudih,23.639620,86.441050
Bhokar,19.219330,77.669620
Bhokardan,20.258300,75.769970
Bhokra,21.227870,79.067990
Bholav,21.719740,73.010980
Bhongaon,27.255150,79.181180
Bhongir,17.515440,78.885630
Bhonrasa,22.993030,76.209800
Bhoom,18.459080,75.658770
Bhopal,23.254690,77.402890
Bhopalpatnam,18.863470,80.385000
Bhor,18.148610,73.843360
Bhore,32.666780,74.829160
Bhorgarh,28.829260,77.095210
Bhota,31.608200,76.563760
Bhowali,29.389850,79.504810
Bhuban,20.881970,85.833340
Bhubaneswar,20.272410,85.833850
Bhucho Mandi,30.212870,75.096880
Bhudgaon,16.907420,74.599540
Bhugor,27.516890,76.609980
Bhuindhara,25.852480,85.760550
Bhuj,23.253970,69.669280
Bhuja Bhuja Nellore,14.394680,79.939900
Bhulath Gharbi,31.542790,75.507550
Bhulwal,32.837130,74.819320
Bhuma,27.783330,74.933330
Bhundsi,28.350510,77.061440
Bhuntar,31.860000,77.150000
Bhupalpally,18.428660,79.863850
Bhuragaon Rev. Town,26.403780,92.239020
Bhuran,29.353080,76.508050
Bhurivel,21.225850,73.584670
Bhusawal,21.043650,75.785060
Bhusawar,27.038950,77.048490
Bhuwana,24.621430,73.708180
Bhuwaneshwar,18.431940,73.123470
Biaora,23.920500,76.910740
Biate,23.248660,93.121360
Bibinagar,17.472770,78.795960
Bichhia,22.450470,80.702360
Bicholi Hapsi,22.715500,75.939410
Bicholim,15.593190,73.945710
Bichri,24.587550,73.834140
Bidadi,12.799300,77.386550
Bidar,17.908020,77.515240
Bidasar,27.835980,74.317760
Bidhuna,26.801720,79.508290
Bighapur Khurd,26.347340,80.656980
Bihar Sharif,25.200840,85.523890
Bihariganj,25.734150,86.988370
Bihat,25.425340,86.020830
Bihpuria,27.016930,93.915020
Bihpuriagaon,27.017180,93.916730
Bihta,25.558850,84.871410
Bijaipur,26.050520,77.371380
Bijapur,18.793870,80.815990
Bijawar,24.623510,79.489940
Bijaynagar,25.929760,74.649160
Bijbehara,33.793780,75.107000
Bijepur,21.189260,83.460610
Bijeraghogarh,23.995540,80.606570
Bijni,26.495880,90.702980
Bijnor,29.373000,78.136360
Bijolia,25.160950,75.323280
Bijrauni,24.932960,77.643520
Bijuri,23.252360,82.116730
Bikaner,28.017620,73.314950
Bikapur,26.595340,82.132720
Bikkatti,11.277210,76.625680
Bikram,25.447080,84.862610
Bikramganj,25.210730,84.255080
Bilaigarh,21.638090,82.723540
Bilara,26.180670,73.705500
Bilari,28.621460,78.803610
Bilariaganj,26.195930,83.226900
Bilasipara,26.232850,90.234100
Bilaspur_Chhattisgarh,22.080050,82.155430
Bilaspur_Haryana,30.304500,77.304240
Bilaspur_Himachal_Pradesh,31.330270,76.756630
Bilaspur_Uttar_Pradesh,28.886550,79.270300
Bilaua,26.050080,78.275220
Bilaur,32.613840,75.604940
Bilgi,16.347140,75.618040
Bilgram,27.175090,80.032010
Bilha,21.950000,82.050000
Bilhaur,26.843450,80.063880
Bilimora,20.769570,72.961340
Bilkha,21.441500,70.600630
Biloli,18.773850,77.724630
Bilpura,23.221610,79.991740
Bilsanda,28.243410,79.951350
Bilsi,28.129410,78.910900
Bilthra,26.127050,83.891480
Bina,24.171610,78.187550
Bindki,26.036130,80.576170
Binika,21.026260,83.811970
Bir Ghaghar,30.709030,76.888630
Birbhaddar,30.071200,78.281890
Birgaon,21.307580,81.627930
Birmitrapur,22.400000,84.766670
Birpara,26.704210,89.145470
Birpur_Bihar,26.508230,87.011940
Birpur_Jammu_and_Kashmir,32.661670,74.951770
Birsinghpur,24.798000,80.972900
Birur,13.597230,75.971670
Birvadi,18.101900,73.508030
Bisalgarh,23.675950,91.283250
Bisalpur,28.292530,79.804720
Bisambharpur,23.334910,83.408840
Bisauli,28.307720,78.936780
Bisenda Buzurg,25.403500,80.618890
Bishnah,32.610600,74.855570
Bishnupur_Manipur,24.628450,93.761790
Bishnupur_West_Bengal,23.073800,87.319910
Bishramganj,23.605820,91.343550
Bishrampur_Chhattisgarh,23.189670,83.004700
Bishrampur_Jharkhand,24.252990,83.925020
Bishungarh,24.015140,85.755440
Bishunpur Urf Maharajganj,26.259140,83.116430
Bisokhar,28.851500,77.584200
Bissamcuttack,19.511680,83.505960
Bissau,28.247370,75.076660
Biswan,27.495810,80.996180
Biswanath Chariali,26.725770,93.146590
Bithur,26.606640,80.270980
Bobbili,18.573660,83.359250
Bobruwada,14.653030,74.293570
Bodeli,22.273110,73.715770
Bodh Gaya,24.698080,84.986900
Bodhan,18.662080,77.885810
Bodinayakkanur,10.011710,77.349760
Bodri_Chhattisgarh,22.023460,82.113570
Bodri_Madhya_Pradesh,23.165240,81.432620
Bodupal,17.418770,78.584270
Bogadi,12.303010,76.598210
Boh,30.380930,76.879990
Bohari,26.254360,91.139140
Boisar,19.803620,72.755980
Bokajan,26.021310,93.779450
Bokakhat,26.640180,93.600520
Bokaro,23.669340,86.151610
Bolanikhodan,22.113120,85.336450
Bolarum,17.556060,78.348240
Boleng,28.334120,94.962320
Bolpur,23.662780,87.696950
Bomdila,27.264750,92.424720
Bommasandra Industrial Area,12.817740,77.684150
Bomminayakkanpatti,11.682290,78.054540
Bonaigarh,21.821890,84.952000
Bondantila,12.903570,74.925320
Bongabar,23.700920,85.523880
Bongaigaon,26.477030,90.558150
Bontapalli,17.662370,78.363960
Boothapandi,8.265860,77.446060
Bopal,23.033410,72.467230
Bora,23.658510,76.811160
Boraj,26.454130,74.610300
Borawar,27.023660,74.675790
Borgaon_Madhya_Pradesh,21.561130,78.813140
Borgaon_Maharashtra,20.722720,78.603920
Borgolai Grant No.11,27.286980,95.715460
Bori,20.912080,79.004500
Boriavi,22.611240,72.932830
Borigam,19.358510,84.806110
Borigumma,19.046810,82.553180
Borim,15.366670,74.000000
Borio,25.034430,87.592520
Borivali Tarf Rahur,19.375480,73.179210
Borivli,19.234960,72.859760
Borkhera,25.521150,75.640280
Borkheri,20.947900,79.015050
Borla,22.163990,81.218550
Borlai Panchaitan,18.170050,73.004390
Borpukhuri,26.015530,92.845250
Borsad,22.407880,72.898170
Botad,22.169170,71.666710
Bowluvada,17.745460,82.988580
Boyampalaiyam,11.148750,77.353680
Boyapalli,16.780780,77.990970
Brahmakulam,10.581450,76.069260
Brahmana Periya Agraharam,11.369040,77.706330
Brahmanan di Bari,32.643980,74.910990
Brahmani,21.247670,78.906470
Brahmapur,19.311510,84.792900
Brajarajnagar,21.816670,83.916670
Bramhabarada,20.742600,86.244540
Bramhapuri,20.611070,79.861030
Briddhanagar,23.844520,91.351440
Budaun,28.038110,79.126680
Budge Budge,22.482750,88.181760
Budha Theh,31.517740,75.300920
Budhana,29.288050,77.475340
Budhapanka,20.858260,85.241960
Budhikhamari,22.092140,86.493390
Budhlada,29.927990,75.562050
Budhni,22.786590,77.681090
Budhpura,25.112750,75.458360
Budipuram,10.003500,77.445840
Buguda,19.808060,84.790840
Bulandshahr,28.403920,77.857730
Buldana,20.529330,76.184570
Buna Hir,34.524280,74.202960
Bundi,25.438550,75.637350
Bundia,21.780620,83.913930
Bundu,23.160950,85.590070
Bungal,32.313880,75.749080
Bunjwah,33.145840,75.947900
Burari,28.755700,77.199410
Burhai,24.356620,86.546180
Burhanpur,21.308680,76.230260
Burhar,23.214940,81.532040
Buriya,30.159110,77.358140
Burla,21.509760,83.872590
Bursera,23.734510,86.144830
Buxar,25.575480,83.980430
Buxwaha,24.251060,79.286180
Buzurg,25.890440,78.345280
Byadgi,14.673250,75.486800
Byasanagar,20.955690,86.126430
Byndoor,13.866670,74.633330
Calangute,15.543900,73.755300
Calapor,15.464540,73.846650
Campbell Bay,7.008320,93.894190
Canacona,14.995900,74.050560
Candola,15.520530,73.964220
Candolim,15.518070,73.762590
Canning,22.313990,88.665080
Captainganj,26.926400,83.713340
Carapur,15.565880,73.987130
Cavelossim,15.172550,73.941940
Chabua,27.482530,95.174510
Chachaura,24.175830,76.999570
Chachoke,31.197360,75.774740
Chadoora,33.945390,74.797140
Chaibasa,22.550380,85.802490
Chail,25.426540,81.631980
Chainpal,20.885560,85.219190
Chainpur,24.011630,84.046720
Chakai,24.549300,86.397770
Chakan,18.760590,73.863510
Chakapara,22.632220,88.348610
Chakghat,25.042820,81.728100
Chakia_Bihar,26.415980,85.046650
Chakia_Uttar_Pradesh,25.048910,83.221550
Chakkarappalli,10.899630,79.198680
Chaklasi,22.653200,72.944970
Chakradharpur,22.676110,85.628920
Chakrata,30.703690,77.863860
Chaksu,26.605100,75.948140
Chakulia,22.483010,86.717930
Chalakilakakara,11.854040,75.438690
Chalala,21.410730,71.166210
Chalantapara Pt IV,26.261760,90.584900
Chalisgaon,20.457810,75.015960
Challakere,14.318000,76.651650
Challapalle,16.117560,80.931390
Chalthan,21.154210,72.961410
Chamba,32.555310,76.126470
Chamkor,30.897480,76.415390
Chammanad,12.480230,75.007260
Champa,22.035320,82.642340
Champawat,29.335010,80.077830
Champua,22.067340,85.664630
Chamrajnagar,11.923120,76.939490
Chanaje,18.861310,72.952570
Chanari,24.915600,83.796840
Chanasma,23.714720,72.112790
Chanda,19.950760,79.295230
Chandameta,22.190930,78.730320
Chandan Hola,28.468520,77.183140
Chandannagar,22.862250,88.367960
Chandapuram,8.158390,77.364580
Chandarun,26.926960,74.335510
Chandauli,25.258030,83.268250
Chandbali,20.775190,86.741390
Chandel,24.329870,94.003790
Chanderi,24.713120,78.138090
Chandia,23.656470,80.709110
Chandigarh_Chandigarh,30.736290,76.788400
Chandigarh_Tripura,23.502110,91.337150
Chandil,22.957450,86.053310
Chandili,19.246650,83.405770
Chandiman,30.731710,76.898770
Chandkapur,21.281490,79.104210
Chandla,25.071480,80.192940
Chandor,20.330600,74.244670
Chandpur_Odisha,19.943070,85.407220
Chandpur_Uttar_Pradesh,29.134890,78.271870
Chandrakona,22.733330,87.516670
Chandrapada,19.361560,72.881800
Chandrapur Baghicha,26.237720,91.929130
Chandrapur_Chhattisgarh,21.707560,83.234870
Chandrapur_Gujarat,22.603530,70.958960
Chandrapura,23.748770,86.119550
Chanduasi,28.451780,78.782770
Chandur Bazar,21.238530,77.747130
Chandur_Maharashtra,19.734440,79.171670
Chandur_Telangana,17.874550,78.100170
Chandwa,23.675580,84.740090
Changanacheri,9.442030,76.536040
Changar Talai,31.452950,76.523100
Changlang,27.131770,95.734860
Changsari,26.264330,91.683900
Channagiri,14.023990,75.925770
Channapatna,12.651430,77.206720
Channarayapatna,12.906420,76.387750
Chanod,20.346730,72.928250
Chanpatia,26.944420,84.537700
Chantongia,26.545880,94.685600
Chapakhowa Town,27.915250,95.766410
Chapar,26.272660,90.445560
Chapra_Assam,24.870420,92.557880
Chapra_Bihar,25.780310,84.747090
Charama,20.493180,81.367470
Charhi,23.853840,85.445290
Charibatia,20.558870,85.938830
Charingia Gaon,26.733420,94.145950
Charipara,23.809140,91.248050
Charkhari,25.403040,79.748770
Charkhi Dadri,28.591660,76.271610
Charthawal,29.546870,77.594380
Chas,23.635560,86.167120
Chatakonda,17.553030,80.647700
Chathirareddipatti,9.625370,77.966660
Chatibor Gaon,26.518120,90.522880
Chatra,24.206450,84.870850
Chatrapatti,9.344830,77.920600
Chaumu,27.169550,75.722260
Chaupal,30.946470,77.588400
Chauparan,24.386990,85.253200
Chaurai,22.054590,79.251950
Chautapal,17.257990,78.897760
Chavara,8.967270,76.541880
Chavutapalem,14.307960,79.892180
Chawand,24.188180,73.811130
Chechat,24.766670,75.883330
Chegunta,17.971300,78.459210
Chekkiad,11.717330,75.641900
Chekonidhara,26.735000,94.211340
Chelakara,10.692890,76.343870
Chelamartam,10.137110,76.456960
Chelambra,11.150860,75.871920
Chelora,11.894940,75.439590
Chelur,13.707620,78.099210
Chemancheri,11.404820,75.723630
Chembagaramanpudur,8.246120,77.490710
Chemmumiahpet,14.462890,78.811910
Chenar Village,27.201980,73.759920
Chendamangalam,10.163220,76.234560
Chendrappini,10.355520,76.128200
Chengala,12.498390,75.050300
Chengalam,9.596570,76.467760
Chengalpattu,12.691840,79.976610
Chengam,12.308890,78.791370
Chengamanad,10.154090,76.341590
Chengannur,9.315750,76.615130
Chengappalli,11.198930,77.423060
Chennagiri,11.536010,78.068050
Chennai,13.087840,80.278470
Chennamukkapalle,14.059540,78.769810
Chennasamudram,11.058520,77.899610
Chennimalai,11.163780,77.603880
Chennithala,9.280780,76.518490
Cheppad,9.234580,76.473260
Cheranellur,10.054280,76.289600
Cheranmahadevi,8.675470,77.569570
Cheriyamundam,10.947640,75.956430
Cherlopalle,13.613660,79.365230
Cherpu,10.431290,76.199020
Cherpulassery,10.876550,76.309320
Cherra,24.012400,85.750000
Cherrapunjee,25.300890,91.696190
Cherthala,9.684440,76.335580
Cherukavu,11.173070,75.908580
Cherukunnu,11.995640,75.287170
Cheruthazham,12.080970,75.262720
Cheruthuruthi,10.745710,76.274490
Cheruvannur,11.190330,75.828330
Chetlat,11.688280,72.709570
Chetput_Tamil_Nadu,12.463990,79.348400
Chettinayakkanpatti,10.393990,77.975400
Chettipalaiyam_Tamil_Nadu,11.166690,77.335020
Chetwayi,10.528850,76.047930
Chevvoor,10.458620,76.208800
Cheyyar,12.660520,79.543080
Cheyyur,12.349480,80.003040
Chhabra,24.664720,76.843790
Chhachhrauli,30.244920,77.360270
Chhala,23.307790,72.774040
Chhanera,21.960970,76.694940
Chhapar,27.819000,74.439360
Chhapera,23.894840,76.453780
Chhapi,24.032250,72.400630
Chhapra,20.925260,72.928860
Chhaprauli,29.209890,77.174540
Chharra,27.924700,78.401020
Chhata,27.723740,77.508100
Chhatapur,26.219650,87.004790
Chhatarpur_Delhi,28.498490,77.182540
Chhatarpur_Madhya_Pradesh,24.917700,79.588710
Chhatha,32.680700,74.828160
Chhatral INA,23.286870,72.437980
Chhatrapur,19.355740,84.983590
Chhawala,28.562770,77.003340
Chhaya,21.628780,69.633860
Chhibramau,27.148720,79.500780
Chhindwara,22.056970,78.939580
Chhipa Barod,24.623610,76.707830
Chhiri,20.377820,72.941100
Chhota Gobindpur,22.745880,86.258860
Chhota Udepur,22.304010,74.015800
Chhoti Sadri,24.381450,74.701200
Chhuikhadan,21.523160,80.997880
Chhura,20.811230,82.209050
Chhuria Kalan,21.005300,80.630360
Chhurikala,22.481360,82.612890
Chhutmalpur,30.032090,77.753290
Chicalim,15.398350,73.842160
Chichli,22.833630,78.826110
Chicholi_Madhya_Pradesh,22.012300,77.671000
Chicholi_Maharashtra,21.469260,79.701510
Chidambaram,11.399330,79.691440
Chidawa,28.239370,75.640350
Chidiga,16.962950,82.212430
Chik Ballapur,13.435120,77.727870
Chik Banavar,13.082170,77.501910
Chika,30.048910,76.343000
Chikhaldara,21.400380,77.318650
Chikhla,21.552850,79.762170
Chikhlakasa,20.599980,81.077810
Chikhli Kalan,22.215200,78.743040
Chikhli_Gujarat,20.757510,73.062680
Chikhli_Maharashtra,20.350460,76.257740
Chikiti,19.202330,84.614500
Chikjajur,14.126700,76.140810
Chikkabidarakallu,13.051550,77.488370
Chikmagalur,13.322310,75.774000
Chiknayakanhalli,13.416090,76.620630
Chikodi,16.428980,74.585910
Chilakalurupet,16.089870,80.167050
Chilla Saroda Khadar,28.587610,77.303570
Chilla Soroda Bangar,28.595720,77.301890
Chillupar,26.282210,83.506400
Chiloda,23.102660,72.661640
Chima,30.685400,76.086430
Chiman,30.093600,75.687500
Chimbel,15.492610,73.874740
Chinchani,19.874580,72.685100
Chinchinim,15.214470,73.975550
Chincholi,17.465080,77.418740
Chineni,33.035970,75.283580
Chingoli,9.250350,76.451970
Chinna Andankovil,10.951100,78.068100
Chinna Kalaiyamputtur,10.471440,77.465750
Chinna Salem,11.634220,78.874120
Chinnachintakunta,16.446640,77.806340
Chinnachowk,14.475160,78.835400
Chinnakkampalaiyam,10.706430,77.457500
Chinnalapatti,10.284810,77.923320
Chinnamanali,11.394280,78.084110
Chinnamanur,9.839990,77.381090
Chinnampalaiyam,10.660380,77.024820
Chinnamudalippatti,11.243740,78.176580
Chinnasekkadu,13.160890,80.257270
Chinnatadagam,11.081640,76.867420
Chinnavadampatti,11.061490,76.983770
Chinniyampalaiyam,11.056100,77.064450
Chinnur,18.857790,79.795600
Chintalavalasa,18.067010,83.409070
Chintamani,13.400510,78.051720
Chintapalle,17.871170,82.351080
Chiplun,17.533390,73.509350
Chipurupalle,18.311420,83.568460
Chirakkal,11.912570,75.361020
Chirala,15.823850,80.352190
Chiramanangad,10.690450,76.117740
Chiranellur,10.632310,76.140520
Chirgaon,25.571980,78.814320
Chiria,22.310930,85.276010
Chirkunda,23.747710,86.788040
Chirmiri,23.190730,82.353140
Chitaguppa,17.697370,77.215250
Chitapur,17.123570,77.082400
Chitarpur,23.572830,85.653550
Chitegaon,19.758430,75.289520
Chitkul,17.558670,78.222570
Chitradurga,14.222620,76.400380
Chitrakoot Dham,25.214730,80.916450
Chittanda,10.677090,76.210520
Chittanur,11.672380,78.088140
Chittapari,18.243270,82.049910
Chittaranjan,23.856810,86.903240
Chittarkonda,18.125330,82.108900
Chittayankottai,10.268620,77.832730
Chittilapilli,10.565700,76.152680
Chittode,11.394600,77.658840
Chittoor,13.210550,79.095600
Chittorgarh,24.889630,74.624030
Chittur,10.699670,76.747100
Chityal,17.231600,79.128140
Chockli,11.727450,75.555090
Chodavaram,17.828840,82.935260
Choglamsar,34.111630,77.587940
Chokkanathapuram,9.992070,77.356570
Cholapuram_Tamil_Nadu,11.054200,79.412570
Chomon,31.427160,75.736000
Choornikkara,10.087880,76.341100
Choozhal,8.310080,77.128030
Chopan,24.519540,83.022870
Chopda,21.245780,75.299460
Chorod,11.627730,75.591470
Chorwad,21.029470,70.233020
Chota Haibor,26.331360,92.694320
Chotila,22.423470,71.196410
Chottanikkara,9.936390,76.381070
Choudwar,20.539170,85.915120
Chowari,32.431900,76.012000
Chowwara,10.127070,76.387100
Chuari Khas,32.430580,76.014280
Chuganwan,31.705670,74.663350
Chuhal,31.594960,75.968370
Chulissheri,10.590820,76.189900
Chumukedima,25.824830,93.775920
Chunar,25.127760,82.882100
Chunchupally,17.523330,80.604050
Chundal,10.623960,76.092090
Churachandpur,24.333530,93.669990
Churhat,24.427430,81.669480
Churi,23.654910,85.012810
Churu,28.304150,74.967180
Clement Town,30.263610,78.008620
Closepet,12.721810,77.281490
Coimbatore,11.005550,76.966120
Colachel,8.179380,77.258180
Colgong,25.263280,87.232640
Colonelganj,27.134320,81.698680
Colovale,15.635220,73.824260
Colva,15.279760,73.922850
Contai,21.779850,87.748920
Coonoor,11.349790,76.793750
Corlim,15.496110,73.933870
Cortalim,15.402470,73.908810
Covelong,12.786530,80.250650
Cuddalore,11.756170,79.766930
Cumbarjua,15.515980,73.946780
Cumbum_Andhra_Pradesh,15.581710,79.110590
Cumbum_Tamil_Nadu,9.736470,77.284700
Cuncolim,15.177300,73.993920
Curchorem,15.263490,74.108750
Curti,15.416670,74.016670
Curtorim,15.275630,74.021580
Cuttack,20.464970,85.879270
Dabhel,20.409530,72.883390
Dabhoi,22.183330,73.433330
Dabhol,17.589710,73.180010
Daboh,26.002390,78.876580
Dabolim,15.399110,73.855900
Dabra_Chhattisgarh,21.780360,83.082370
Dabra_Madhya_Pradesh,25.885720,78.332210
Dabwali,29.949060,74.738320
Dad,23.369090,73.894200
Dadhapatna,20.411290,85.827040
Dadra,20.325040,72.966180
Dadri,28.552570,77.554030
Dagshai,30.884310,77.052280
Dahali,26.096940,91.498350
Dahanu,19.967780,72.712630
Dahegam,23.169030,72.821610
Daheli,20.269700,72.878840
Dahi,22.112170,74.587900
Daitari,21.100000,85.750000
Dakor,22.752680,73.149670
Dalavaipatti,11.661380,78.083400
Dalavaypuram,9.391820,77.497700
Dalhousie,32.552190,75.946630
Dalkola,25.875770,87.840090
Dalli Rajhara,20.585730,81.075010
Dalmau,26.064770,81.029800
Dalsingh Sarai,25.667950,85.836360
Dalupura,28.605700,77.319010
Dam Dam,22.633410,88.422860
Damalerimuttur,12.536130,78.566570
Daman,20.414310,72.832360
Damara Patpara,25.938760,90.786560
Damnagar,21.692320,71.517470
Damodarpur,26.139690,85.350870
Damoh,23.833120,79.441900
Damonojodi,18.763230,82.919360
Damua,22.192910,78.467030
Danara,20.945710,85.096860
Dandedih,24.163350,86.327280
Dandeli,15.266670,74.616670
Dandi,19.798230,72.765100
Danguwapasi,22.168810,85.587660
Dankaur,28.351210,77.555080
Danta,27.296360,75.186650
Dantewara,18.888810,81.350680
Dapoli,17.759270,73.188160
Daporijo,27.991140,94.229550
Dappar,30.520660,76.816070
Darapur,34.512190,74.413990
Darasuram,10.949900,79.356070
Darbhanga,26.152160,85.897070
Dari,23.721900,85.384270
Dariapur,25.385200,85.964030
Dariawad,24.101190,74.443110
Dariba,24.948650,74.134200
Daringbarhi,19.907030,84.124080
Dariya,30.698640,76.817590
Darjiling,27.033330,88.266670
Darlawn,24.013360,92.924390
Darsi,15.769780,79.679390
Darwha,20.310170,77.772570
Daryapur,20.924890,77.326440
Daryapur Kalan,28.813960,77.011120
Dasarahalli,13.099040,77.832040
Dasinayakkanpatti,11.608910,78.143800
Dasiripuram,13.124170,80.030000
Dasna,28.677360,77.522520
Dasnapur,19.653990,78.512130
Daspalla,20.339620,84.847230
Dasuya,31.816790,75.653100
Dataganj,28.025300,79.408190
Datia,25.673120,78.459080
Dattapur,20.780750,78.140700
Daudnagar,25.034730,84.400950
Daulatabad,19.936110,75.221480
Daulatpur_Himachal_Pradesh,31.788710,75.991540
Daulatpur_Punjab,32.266590,75.632650
Daulatpur_West_Bengal,25.326050,88.329890
Daund,18.465150,74.583750
Daundi Lohara,20.791150,81.055610
Daurala,29.113440,77.704670
Dausa,26.890000,76.335840
Davangere,14.466930,75.926940
Davorlim,15.272210,73.992420
Davrapada,18.796100,73.077830
Dayal Bagh,27.221220,78.010950
Dayal Pur,28.717530,77.265080
Dayapar,23.633710,68.901920
Debipur,24.250290,88.618240
Dediapada,21.627690,73.590260
Deesa,24.256120,72.179280
Defence Colony,28.571440,77.232720
Deglur,18.548290,77.576950
Dehari,20.153290,72.741400
Dehradun,30.324430,78.033920
Dehri,22.667640,75.519580
Dehu,18.718510,73.766350
Dehu Road,18.682110,73.731610
Dekan,24.706380,75.104400
Delhi,28.651950,77.231490
Delhi Cantonment,28.600000,77.133330
Delvada,20.775440,71.046460
Delwara,24.775670,73.746330
Denkanikota,12.530100,77.788870
Deoband,29.695050,77.679640
Deodora,22.614870,80.361650
Deogarh,21.538270,84.733370
Deoghar,24.489830,86.699020
Deogiri,20.318750,77.796020
Deohra,23.142720,81.596110
Deokar,21.566670,81.316670
Deolali_Maharashtra,19.944040,73.834410
Deoli_Delhi,28.502540,77.231170
Deoli_Maharashtra,20.649200,78.480230
Deoli_Rajasthan,25.757280,75.379910
Deolimet,21.157990,78.967900
Deomali,27.193100,95.467190
Deoranian,28.629890,79.476480
Deori Khas,23.390170,79.016300
Deori_Chhattisgarh,22.099010,82.266400
Deori_Maharashtra,21.067650,80.367460
Deoria,26.501670,83.779360
Depalpur,22.850950,75.542240
Dera Colliery Township,20.952830,85.171740
Dera Gopipur,31.879190,76.218710
Dera Mandi,28.435970,77.176010
Dera Nanak,32.037330,75.027870
Dergaon,26.700000,93.966670
Desaiganj,20.623540,79.964540
Desamangalam,10.754900,76.232110
Deshnoke,27.798360,73.342970
Desula,27.531970,76.679340
Desur,12.437270,79.481450
Deulgaon Raja,20.017570,76.037550
Devadanapatti,10.146730,77.643900
Devadurga,16.423140,76.935770
Devakottai,9.947040,78.823300
Devanahalli,13.246550,77.711830
Devaprayag,30.146030,78.602720
Devapur,19.044260,79.349890
Devarkonda,16.691860,78.920730
Devarshola,11.543660,76.440370
Devasthanam,12.668330,78.582200
Devendranagar,24.616880,80.378890
Dever Inder Bug,34.455810,74.450720
Devgadh Bariya,22.705170,73.908820
Devgarh,25.525330,73.908120
Devikapuram,12.498070,79.253080
Devipattinam,9.477630,78.895580
Devrukh,17.067150,73.615180
Devsar,20.785070,72.983980
Dewa,27.036210,81.166920
Dewas,22.965850,76.055260
Dhaka,26.674790,85.166980
Dhaki,32.256940,75.625960
Dhakuakhana,27.201140,94.457120
Dhali,10.510490,77.188060
Dhamanagar,20.916700,86.450000
Dhamda,21.450000,81.316670
Dhamnod,22.209280,75.470570
Dhampur,29.308830,78.510830
Dhamtari,20.707180,81.548740
Dhana,23.746970,78.862340
Dhanal,21.151410,79.542400
Dhanaula,30.282160,75.573410
Dhanaura,28.959120,78.256290
Dhanbad,23.797590,86.429920
Dhandhuka,22.381850,71.986640
Dhanegaon,19.127260,77.337050
Dhanera,24.509670,72.023430
Dhanpuri,23.185420,81.555130
Dhanwar,24.410740,85.981830
Dhar,22.593730,75.297740
Dharamjaigarh,22.463760,83.211270
Dharampur_Bihar,25.875470,85.768570
Dharampur_Gujarat,20.536930,73.173680
Dharampuri,22.149510,75.344390
Dharamsala,32.220060,76.320130
Dharangaon,21.011870,75.274070
Dharapur,26.149530,91.642020
Dharapuram,10.738280,77.532230
Dharashiv,18.181580,76.038890
Dharavi,19.050000,72.866670
Dharchula,29.847070,80.519510
Dhari,21.328550,71.026450
Dhariwal,31.956160,75.323860
Dharmabad,18.891160,77.849400
Dharmadam,11.775380,75.464590
Dharmanagar,24.366670,92.166670
Dharmapuram,8.120270,77.389040
Dharmapuri,12.127700,78.157940
Dharmaragar,24.349110,92.131390
Dharmaram,18.303840,79.489240
Dharmavaram,14.414350,77.720350
Dharmkot,30.945590,75.232390
Dharni,21.553330,76.889720
Dharuhera,28.205530,76.796910
Dharur,18.820170,76.109370
Dhasa,21.804880,71.515890
Dhatau,18.427980,73.151410
Dhaulpur,26.692860,77.879680
Dhaurahra,27.998140,81.089750
Dhekiajuli,26.703670,92.478080
Dhekorgorha,26.787850,94.166050
Dhemaji,27.483330,94.583330
Dhenkanal,20.657440,85.596930
Dhilwan,31.514320,75.345740
Dhin,31.265900,75.609210
Dhinde,32.626870,74.783340
Dhing,26.467930,92.473360
Dhodra Mohar,22.273720,77.885520
Dhola,21.881290,71.772690
Dholka,22.727320,72.441280
Dhone,15.395200,77.871500
Dhoraji,21.733590,70.450040
Dhorimanna,25.203740,71.436870
Dhrangadhra,22.991670,71.467930
Dhrol,22.567000,70.417690
Dhubri,26.018560,89.985640
Dhulagari,22.582130,88.171000
Dhule,20.901300,74.777370
Dhulian,24.681270,87.953500
Dhupgari,26.589040,89.007320
Dhuri,30.368460,75.867910
Dhuwaran,22.237790,72.759100
Diamond Harbour,22.192680,88.189510
Dibai,28.208490,78.261730
Dibrugarh,27.479890,94.908370
Didwana,27.400960,74.575370
Dig,27.471880,77.325640
Digapahandi,19.372750,84.571840
Digaru Gaon,26.155670,91.987040
Digboi,27.393210,95.618390
Digboi Oil Town,27.388500,95.618860
Digha,21.627760,87.519650
Dighawani,22.206060,78.813480
Digheli,26.440090,91.456270
Dighwara,25.744340,85.010030
Diglipur,13.266670,93.000000
Digras,20.103500,77.718460
Diguvametta,15.395070,78.829300
Digvijaygram,22.431850,69.832690
Dih,26.142640,81.408560
Dikshitpur,25.157170,82.966500
Dimapur,25.911740,93.721700
Dimaruguri,26.345150,92.714870
Dinanagar,32.136640,75.472910
Dinapore,25.637050,85.047940
Dinapur Cantonment,25.636160,85.020260
Dinapur Nizamat,25.638470,85.051180
Dindarpur,28.598130,76.991610
Dindigul,10.368960,77.980360
Dindori,22.941410,81.079750
Dinhata,26.135260,89.461290
Diphu,25.843410,93.431160
Diphupar 'A',25.857800,93.769050
Dirang,27.333330,92.266670
Dirba,30.072220,75.996070
Dispur,26.135640,91.800690
Diu,20.714050,70.982240
Diwakari,27.555250,76.659430
Diyodar,24.108710,71.774010
Dobbaspet,13.227560,77.243050
Doboka,26.116470,92.863740
Doda,33.149160,75.547460
Doddaballapura,13.294520,77.537770
Doha_Haryana,27.678260,76.936110
Doha_Uttar_Pradesh,25.482340,80.478160
Dohad,22.832830,74.259860
Dohrighat,26.272170,83.509160
Doiwala,30.176670,78.116590
Dokmoka,26.210260,93.051740
Dola,23.220900,82.133170
Dombivali,19.216670,73.083330
Domchanch,24.474840,85.692130
Dommaranandyala,14.864110,78.364080
Dommasandra,12.877920,77.753450
Dondaicha,21.323600,74.568040
Dondi,20.488090,81.087080
Dongargaon,20.971720,80.850770
Dongargarh,21.188930,80.754590
Donimalai Township,15.060410,76.592170
Donkamokam,25.933380,92.707360
Dooru Verinag,33.559400,75.232220
Doptala,19.801820,79.342260
Doraha,30.799530,76.023550
Dornakal,17.444750,80.149050
Dornapal,18.155140,81.508580
Dostpur,26.274860,82.470910
Dowleswaram,16.947610,81.779870
Drug Mulla,34.485350,74.287090
Dubai_Uttar_Pradesh,27.084300,82.931790
Dubrajpur,23.790200,87.376480
Dudhani,17.357920,76.366880
Dudhi,24.213570,83.240670
Dudpatil I,24.910880,92.790430
Dug,31.786370,74.574110
Dugadda,29.806730,78.611090
Dugda,23.745160,86.171750
Dukli,23.798400,91.296420
Duliajan,27.360350,95.318060
Duliajan Oil Town,27.357800,95.314070
Dum Duma,27.568840,95.556640
Dumar Kachhar,23.168740,82.111280
Dumari urf Damodarpur Shahjahan,26.104820,85.357750
Dumarkunda,23.714950,86.793540
Dumjor,22.619930,88.245660
Dumka,24.267780,87.248550
Dumra_Bihar,26.567080,85.520400
Dumra_Jharkhand,23.796000,86.213630
Dumraon,25.552650,84.151490
Dunai,27.891810,77.952250
Dundigal,17.608020,78.414610
Dunetha,20.429420,72.850950
Dungamal,19.680290,85.182050
Dungarpur_Gujarat,21.287770,71.755600
Dungarpur_Rajasthan,23.843060,73.714660
Durena,22.381710,82.586300
Durg,21.191470,81.276190
Durga Nagar Part-V,24.881490,92.882130
Durgapur_Maharashtra,20.005400,79.302730
Durgapur_West_Bengal,23.515830,87.308010
Dusi,12.775740,79.678920
Dwarahat,29.777850,79.427310
Dwaraka Tirumala,16.954270,81.255850
Dwarka,22.239440,68.967780
Dyane,20.567430,74.528450
Ear,25.426580,84.337120
Edaccheri,11.681780,75.624800
Edaicode,8.382510,77.198340
Edakkalathur,10.593160,76.123240
Edakkazhiyur,10.622760,75.996510
Edakkode,8.680750,76.851910
Edakkulam,10.610200,76.183520
Edappal,10.783390,76.007890
Edattala,10.056390,76.384510
Edattirutti,10.364020,76.173730
Edavai,8.764500,76.688450
Edavilangu,10.240260,76.171000
Egarkunr,23.750980,86.769430
Egra,21.899470,87.537940
Ekangar Sarai,25.223400,85.229780
Eklahare,19.980130,73.882310
Eklahra,22.203550,78.689290
Elamanchili,17.549070,82.857490
Elamkunnapuzha,10.026740,76.222290
Elampalloor,8.955830,76.673880
Elandacheri,13.189800,80.271020
Elandakuttai,11.405980,77.775010
Elattur,11.386590,77.308010
Elavalli,10.566000,76.091160
Elayavur,11.889180,75.412400
Elayirampannai,9.270330,77.824940
Electronic City Phase I,12.854920,77.663300
Elivala,12.357760,76.540720
Ellakkudi,10.806030,78.750310
Ellenabad,29.452820,74.661220
Elumalai,9.865010,77.699230
Elur,10.066670,76.283330
Eluru,16.713110,81.104370
Emmiganur,15.772030,77.483450
Enkakad,10.657620,76.255920
Epuru Bit - I - B,14.269370,80.057730
Era,25.022940,74.582430
Eral,8.625840,78.022820
Eramala,11.685910,75.591040
Eranapuram,11.558120,77.989280
Erandol,20.922060,75.326410
Eraniel,8.205890,77.317260
Erannoli,11.769130,75.517660
Erattupetta,9.687470,76.778910
Eravattur,11.580060,75.738410
Eravu,10.489670,76.134890
Erei,21.087140,86.526960
Eriyodu,10.517240,78.062680
Erode,11.342800,77.727410
Erraguntla,14.638530,78.539740
Erumaippatti,11.146710,78.289960
Erumapalaiyam,11.632420,78.169510
Eruvadi,8.443930,77.604410
Eruvatti,11.806210,75.530230
Etah,27.558790,78.656920
Etawa,24.183510,78.202890
Etawah,26.776150,79.021330
Etikoppaka,17.500000,82.733330
Etmadpur,27.235410,78.198290
Ettaiyapuram,9.144050,77.990660
Ettapur,11.662450,78.476440
Ettimadai,10.891110,76.908730
Ettumanoor,9.670000,76.570000
Ettumanur,9.668980,76.559240
Evri,25.031950,73.917520
Eyyal,10.655450,76.117360
Ezhome,12.029990,75.281930
Ezhudesam,8.265120,77.142120
Ezhupunna,9.821100,76.299820
Faizpur,21.167660,75.860060
Falakata,26.519630,89.204230
Falna,25.267430,73.239330
Farah,27.320810,77.761850
Farakhpur,30.133070,77.242970
Farakka,24.816670,87.900000
Faridabad,28.411240,77.313160
Faridkot,30.673990,74.755790
Faridnagar,28.769230,77.629340
Faridpur,28.209970,79.541490
Farrukhabad,27.391340,79.579300
Farrukhnagar_Haryana,28.447450,76.823910
Farrukhnagar_Telangana,17.077870,78.203390
Farward Kahuta,33.882380,74.107140
Fateh Nangal,31.945340,75.319050
Fateh Pur Beri,28.457690,77.178850
Fatehabad_Haryana,29.515250,75.455540
Fatehabad_Uttar_Pradesh,27.026450,78.302700
Fatehganj West,28.466200,79.306570
Fatehgarh,27.364090,79.631110
Fatehgarh Churian,31.864310,74.956650
Fatehnagar,24.814940,74.095040
Fatehpur Chaurasi,26.789250,80.265470
Fatehpur Sikri,27.093700,77.660030
Fatehpur_Rajasthan,27.994860,74.956280
Fatehpur_Uttar_Pradesh,25.927740,80.812660
Fatikrai,24.183180,92.018000
Fatwa,25.509580,85.305040
Fazilka,30.402070,74.028360
Fazilpur,28.988420,77.052740
Ferokh,11.179890,75.841410
Fertilizer Corporation of India Township,20.907430,85.171880
Fingeshwar,20.968980,82.040390
Firozabad,27.150920,78.397810
Firozpur,30.925740,74.613110
Firozpur Jhirka,27.788530,76.944960
Forbesganj,26.302530,87.265560
Forest Village Lakhipathar,27.453340,95.581260
Fort Gloster,22.504440,88.183330
Freelandgunj,22.838400,74.236300
French Rocks,12.500940,76.674160
Fulchur,21.437050,80.204500
Fulkumari,23.522960,91.504790
Fyzabad,26.775490,82.150180
Gadag,15.429770,75.629710
Gadag-Betageri,15.416700,75.616700
Gadarwara,22.923500,78.784900
Gaddi Annaram,17.366870,78.524200
Gadhada,21.969570,71.578280
Gadhinglaj,16.222910,74.350100
Gadhra,22.746680,86.245460
Gadkhol,21.643810,73.012110
Gadwal,16.235040,77.795560
Gagret,31.658460,76.061440
Gairtganj,23.410220,78.220820
Gajapatinagaram,18.279360,83.336470
Gajendragarh,15.736280,75.969760
Gajraula,28.845700,78.239600
Gajsinghpur,29.659560,73.440340
Gajuwaka,17.700000,83.216670
Gajwel,17.848160,78.682910
Gakulnagar,23.711610,91.257050
Galiakot,23.519950,74.020280
Galpadar,23.097490,70.125100
Gamdi,22.572200,72.968180
Gamharia_Jharkhand,22.809430,86.103370
Gamharia_Madhya_Pradesh,23.859750,78.813920
Ganaur,29.130200,77.018320
Gandai,21.666670,81.100130
Ganderbal,34.226190,74.774780
Gandevi,20.812140,72.998110
Gandhi Nagar,13.006390,80.254170
Gandhidham,23.083330,70.133330
Gandhigram,23.891980,91.281560
Gandhinagar_Gujarat,23.216670,72.683330
Gandhinagar_Maharashtra,16.707120,74.300480
Gandhinagar_Tamil_Nadu,12.954650,79.140740
Gandhisagar Colony,24.690480,75.566790
Gandipuram,8.179630,77.444910
Ganeshpur,21.150260,79.644180
Gangadharpur,22.760000,88.220000
Gangaikondan_Tamil_Nadu,8.857850,77.780190
Gangakher,18.969620,76.749460
Gangapur_Maharashtra,19.697180,75.010450
Gangapur_Rajasthan,26.472490,76.717440
Gangarampur,25.401380,88.529780
Gangavalli,11.498280,78.649660
Gangavati,15.431300,76.529330
Gangoh,29.780040,77.263460
Gangolli,13.650240,74.670720
Gangtok,27.325740,88.612160
Ganguvada,18.666670,84.116670
Ganguvarpatti,10.169430,77.697350
Ganguwa,29.113430,75.695780
Ganj Dundwara,27.733080,78.941190
Ganj Muradabad,26.957330,80.184000
Ganjam,19.387050,85.050790
Gannavaram,16.540920,80.802130
Garacharma,11.613740,92.703580
Garal,26.138650,91.606870
Garamur,26.948910,94.172050
Garautha,25.571900,79.297640
Gargeswari,12.239210,76.894530
Garha Brahman,23.868730,77.357310
Garhakota,23.779100,79.143210
Garhchiroli,20.180610,80.005220
Garhdiwala,31.741470,75.755670
Garhi Harsaru,28.445150,76.939470
Garhi Pukhta,29.549800,77.308810
Garhi_Madhya_Pradesh,25.044860,79.688180
Garhi_Rajasthan,23.590140,74.148180
Garhmuktesar,28.787320,78.102140
Garhshankar,31.215370,76.141490
Garhwa,24.160020,83.807550
Gariaband,20.633230,82.062210
Gariadhar,21.538890,71.577370
Garimellapadu,17.538950,80.622460
Garot,24.323420,75.652040
Garra,21.809210,80.141080
Gaurela,22.754490,81.901070
Gauribidanur,13.610720,77.517380
Gauripur,26.083340,89.961180
Gautampura,22.986640,75.519210
Gavaravaram,16.716320,81.083080
Gawan,28.419690,78.351860
Gaya,24.796860,85.003850
George Town,13.092600,80.280100
Gerimari Chapori,26.427830,92.025110
Gevrai,19.263720,75.750070
Ghagga,30.019750,76.104080
Ghaghra,23.266590,84.552970
Ghanaula,31.024650,76.602740
Ghanaur,30.330920,76.612030
Ghanpur,17.850000,79.366670
Ghansor,22.659760,79.950130
Ghantapada,20.934530,85.187880
Ghanteshvar,22.336370,70.753010
Gharaunda,29.536920,76.971420
Gharghoda,22.174270,83.351700
Gharonda Neemka Bangar,28.616440,77.288000
Gharroli,28.616700,77.332070
Ghatal,22.662440,87.733990
Ghatal Mahaniawas,28.221190,76.840550
Ghatampur,26.152720,80.168030
Ghatanji,20.141830,78.313330
Ghatkesar,17.450810,78.683660
Ghatsila,22.585310,86.476820
Ghaura,24.505880,79.078130
Ghaziabad,28.665350,77.439150
Ghazipur_Bihar,25.098320,86.660330
Ghazipur_Uttar_Pradesh,25.583330,83.585260
Gheora,28.694080,77.001560
Ghiror,27.189120,78.793120
Ghitorni,28.494780,77.144030
Gho Brahmanan de,32.555900,74.953900
Ghoga,25.217380,87.157100
Ghogaon,21.916220,75.747340
Ghogardiha,26.279860,86.470010
Ghogha,21.688130,72.276300
Ghoh,32.329890,75.674840
Ghomanhasan,32.721810,74.734960
Ghorabandha,22.772400,86.271090
Ghoradongri,22.124260,77.999670
Ghorawal,24.754590,82.779650
Ghosi,26.105870,83.539300
Ghoti Budrukh,19.716410,73.628210
Ghugus,19.938100,79.111920
Ghulewadi,19.603100,74.193560
Ghumarwin,31.441660,76.715090
Gidam,18.974310,81.398940
Giddalur,15.374390,78.926090
Giddarbaha,30.199530,74.666270
Gidi,23.690860,85.364130
Gil,30.846920,75.863620
Gingee,12.252820,79.417270
Giridih,24.186220,86.308750
Goa Velha,15.443840,73.885720
Goalpara,26.176680,90.626340
Gobardanga,22.877400,88.754790
Gobichettipalayam,11.454960,77.442200
Gobindapur_Assam,26.163250,90.592710
Gobindapur_West_Bengal,22.593060,88.091390
Gobindgarh,30.670890,76.301920
Gobindpur_Jharkhand,22.633930,86.071620
Gobindpur_Uttar_Pradesh,28.856200,77.771540
Godda,24.827000,87.212500
Godhra,22.775470,73.614880
Godiputamatiapara,20.139200,85.702860
Godoli,17.671780,74.012890
Gogapur,23.557460,75.516650
Gogipeth,16.735210,76.744340
Gogri Jamalpur,25.411170,86.659250
Gogunda,24.758440,73.529810
Gohad,26.432780,78.442050
Gohana,29.137770,76.702470
Gohand,25.698710,79.545670
Gohpur,26.881840,93.615600
Gokak,16.169010,74.823930
Gokak Falls,16.187900,74.777600
Gokalpur,28.702900,77.289610
Gokarna,14.550000,74.316670
Gokavaram,17.258230,81.849850
Gokul,27.439260,77.720190
Gokul Shirgaon,16.643400,74.274090
Gokunda,19.607070,78.200720
Gola Bazar,26.344600,83.353030
Gola Gokarannath,28.078370,80.470540
Golaghat,26.511670,93.959510
Golaghatia Basti,25.992500,92.863960
Golakganj,26.102160,89.822750
Golkhera,22.438160,75.660010
Gomoh,23.873550,86.151600
Gond Pipri,19.714990,79.686180
Gonda City,27.131810,81.953320
Gondal,21.960740,70.802550
Gondia,21.460260,80.192050
Goniana Mandi,30.316790,74.912540
Gonikoppal,12.183020,75.929430
Gooty,15.118360,77.637760
Gopalasamudram,8.674680,77.637920
Gopalganj,26.467340,84.440410
Gopalpur_Odisha,19.258610,84.905170
Gopalpur_West_Bengal,22.618450,88.751190
Gopalur,16.612200,77.807280
Gopamau,27.534680,80.285070
Gopavaram,14.784120,78.572900
Gopinathpur,22.663010,86.075000
Gorah Salathian,32.605220,75.042440
Gorai,19.250000,72.783330
Gorakhpur_Haryana,29.447680,75.672060
Gorakhpur_Uttar_Pradesh,26.766280,83.368890
Gorantla,13.984110,77.772240
Goraya,31.124110,75.772400
Goregaon,18.154830,73.291470
Gormi,26.600290,78.511880
Gorrakunta,17.976210,79.644960
Gorur,12.822970,76.064630
Goshainganj_Uttar_Pradesh,26.571150,82.380910
Goshaingaon,26.439460,89.963070
Got,28.851050,78.836280
Gotamara,20.858280,85.202690
Gotan,26.655510,73.737100
Gotegaon,23.028880,79.482330
Gothara,28.066200,75.817720
Govardhan,27.496580,77.462630
Govindapuram,16.154770,80.102790
Govindgarh_Madhya_Pradesh,24.378450,81.296440
Govindgarh_Rajasthan,27.504230,76.999380
Govindpur,23.244800,82.968930
Goyali,24.899470,72.830420
Goyerkata,26.699840,89.025650
Greater Noida,28.496150,77.536010
GSFC Complex INA,22.372620,73.154730
Gua,22.213610,85.387740
Gubbi,13.312160,76.941020
Gudalur_Tamil_Nadu,11.520730,76.481410
Gudari,19.347620,83.781280
Gudibanda,13.670990,77.704140
Gudivada,16.435470,80.995550
Gudiyatham,12.946010,78.873770
Gudlavalleru,16.350000,81.050000
Gudur_Andhra_Pradesh,14.150930,79.852100
Gudur_Karnataka,15.939110,75.914050
Gudur_Telangana,17.491740,78.823020
Guduvancheri,12.845190,80.060550
Guhagar,17.484150,73.192890
Guhala,27.690790,75.636120
Guirim,15.575520,73.807220
Gulabpura,25.904480,74.660250
Gulaothi,28.589380,77.793180
Guledagudda,16.050250,75.789970
Gulgam,34.550050,74.217290
Gulmarg,34.053630,74.381880
Gumia,23.797500,85.825230
Gumla,23.042680,84.544290
Gummidipundi,13.407650,80.108790
Guna,24.646910,77.311300
Gundardehi,20.946170,81.289240
Gundlupet,11.810040,76.690270
Gundupalaiyam,11.940960,79.802940
Gunghasa,23.861800,86.177720
Gunnaur,28.239950,78.439940
Gunpuram,18.610890,78.194090
Guntakal,15.171120,77.362440
Guntupalle,16.567940,80.547580
Guntur_Andhra_Pradesh,16.299740,80.457290
Guntur_Telangana,17.996200,79.644490
Gunupur,19.080400,83.808790
Gurdaspur,32.039330,75.403180
Gurh,24.502650,81.500370
Gurmatkal,16.867730,77.390880
Gursahaiganj,27.115180,79.731740
Gursarai,25.616770,79.180530
Guru Har Sahai,30.708620,74.404070
Gurugram,28.460100,77.026350
Gurur,20.681240,81.400860
Guruvayur,10.594300,76.041100
Guskhara,23.492760,87.734840
Gutlong Gaon,26.653400,92.816130
Guwahati,26.184400,91.745800
Gwalior,26.229830,78.173370
Gyalshing,27.289520,88.257640
Gyanpur,25.332680,82.466370
Habibpur,25.238280,86.946760
Habra,22.842020,88.656060
Hadagalli,15.020480,75.931850
Hadgaon,19.495520,77.658630
Hadgood,22.528180,72.978530
Hadiaya,30.327570,75.501980
Haflong,25.164780,93.017440
Hailakandi,24.683940,92.560970
Hajan,34.298950,74.616810
Hajarmachi,17.314340,74.231140
Hajipur_Bihar,25.685440,85.209810
Hajipur_Punjab,31.977140,75.754380
Hajira INA,21.112950,72.650200
Hajo,26.245200,91.525250
Haldaur,29.289880,78.284370
Haldia,22.060460,88.109750
Haldibari,26.338870,88.782200
Haldwani,29.222540,79.528600
Hale Dharmapuri,12.158760,78.163580
Halisahar,22.932180,88.418590
Haliyal,15.328640,74.756380
Halol,22.503210,73.472420
Haludbani,22.751230,86.209900
Haludpukhur,22.601120,86.138440
Halvad,23.015160,71.180290
Halwara,30.725100,75.642520
Hamirgarh,25.187720,74.631220
Hamirpur_Himachal_Pradesh,31.684110,76.525060
Hamirpur_Uttar_Pradesh,25.955300,80.148420
Hampi,15.335200,76.460300
Hamre,34.210700,74.511010
Hamren_Assam,25.846960,92.574090
Handia,25.363790,82.186550
Handwara,34.396770,74.281380
Hangal,14.764650,75.124600
Hansi,29.102390,75.962530
Hansot,21.584960,72.807640
Hanspura,25.057200,84.548990
Hanumana,24.778880,82.096000
Hanumangarh,29.581820,74.329380
Hanumantanpatti,9.785850,77.317010
Hanur,12.087400,77.302080
Hapur,28.729850,77.780680
Haraiya,26.794770,82.464360
Haralahalli,13.041290,76.105950
Haralapura,14.533060,75.809340
Harbatpur,30.438630,77.740580
Harda,22.344140,77.095360
Hardoi,27.394910,80.131650
Harduaganj,27.943610,78.157890
Harduli,22.927830,79.902990
Harekala,12.842550,74.915280
Hariana,31.635120,75.838870
Haridwar,29.947910,78.160250
Harihar,14.512880,75.807160
Hariharpur,23.888840,86.130650
Harij,23.693560,71.907000
Harina,23.807800,86.207450
Harina Pashdal Bar,21.902100,87.706200
Haringhata,22.964740,88.574510
Haripad,9.283580,76.455190
Haripur,22.936110,88.231940
Harnai,17.813400,73.096680
Harpalpur,25.287730,79.332790
Harpanahalli,14.787660,75.988630
Harrai,22.614280,79.222070
Harsud,22.099470,76.734230
Harur,12.052670,78.480230
Hasanpur_Haryana,27.969440,77.495440
Hasanpur_Uttar_Pradesh,28.722490,78.284360
Hashtsal,28.634060,77.057710
Hasimara,26.746900,89.353850
Hasir,23.773460,85.813950
Hassan,13.007150,76.096200
Hastinapur,29.160420,78.007620
Hat,29.331850,76.615010
Hat Piplia,22.769480,76.299920
Hat Saraiya,26.794600,84.485340
Hata,26.741200,83.745260
Hathras,27.595510,78.052010
Hathwa,26.355350,84.297590
Hatod,22.793780,75.739280
Hatsingimari,25.709860,89.900780
Hatta,24.134060,79.601190
Hatti,16.198360,76.660370
Hattin,28.042340,77.240490
Hatwans,22.768280,78.346370
Haveli,18.429660,73.882180
Haveri,14.793540,75.404480
Hawai,27.886770,96.801700
Hayuliang,28.073010,96.543050
Hazaribagh,23.992410,85.361620
Hebbagodi,12.826320,77.680850
Heggadadevankote,12.088090,76.329570
Heingang,24.856770,93.946790
Heirok,24.585580,94.066690
Heli Mandi,28.344940,76.756940
Herur,13.419070,74.744600
Hesabettu,12.719060,74.887210
Hesla_Jharkhand,24.063130,85.879050
Highways,9.647480,77.360030
Hill Town,24.340200,93.691410
Hilsa,25.316420,85.282340
Himatnagar,23.598930,72.966020
Hinakallu,12.330420,76.602130
Hindalgi,15.874950,74.472050
Hindaun,26.734110,77.035190
Hindoria,23.903450,79.568610
Hindupur,13.828070,77.491430
Hindustan Paper Corporation Ltd. Township,24.860540,92.600810
Hinganghat,20.548750,78.839780
Hingoli,19.714640,77.142380
Hinjawadi,18.593420,73.729850
Hinjilicut,19.481660,84.744890
Hirakud,21.525020,83.872750
Hiramandalam,18.670850,83.950540
Hiranagar,32.454930,75.271870
Hirapur,21.841920,80.239970
Hirapur Hamesha,21.555460,79.785810
Hirdepur,23.827160,79.423530
Hirekerur,14.455060,75.395200
Hiriyur,13.944550,76.617230
Hirmi,21.538640,81.940250
Hisar,29.153940,75.722940
Hisua,24.833600,85.417290
HMT Pinjore,30.784770,76.909240
Hnahthial_Mizoram,22.966110,92.929660
Hoda,24.134630,72.330580
Hodal,27.891960,77.367440
Hojai,26.002810,92.856050
Holalkere,14.042950,76.184960
Holenarasipura,12.786350,76.243310
Homnabad,17.770740,77.125190
Honnali,14.239760,75.645070
Honnavar,14.280880,74.444970
Hosadurga,13.796310,76.284080
Hosakote,14.276030,77.168270
Hosanagara,13.913870,75.065030
Hosangadi,13.697560,74.954270
Hosapete,15.269540,76.387100
Hoshiarpur,31.537230,75.912690
Hoskote,13.070700,77.798140
Hosur,12.736470,77.832640
Howli,26.422370,90.980040
Howraghat,26.109080,93.033320
Howrah,22.576880,88.318570
Hubballi,15.347760,75.133780
Hudkeshwar Buzurg,21.082350,79.127360
Hugli,22.908770,88.396740
Hui,28.539560,75.980540
Hukeri,16.230820,74.602440
Hukumpeta,16.988740,81.801700
Hulikal,11.320780,76.773340
Huliyar,13.583600,76.542300
Hunasamaranahalli,13.143840,77.616950
Hungund,16.062130,76.058600
Hunsur,12.303590,76.292750
Hupari,16.616670,74.404420
Husainabad,24.528490,84.000000
Husainpur,31.311850,75.321720
Hutagalli,12.341720,76.586290
Hyderabad,17.384050,78.456360
Iawar,23.009430,76.500700
Ibrahimpatan,17.195730,78.651010
Ibrahimpatnam,16.583030,80.514320
Ibrahimpur,28.775660,77.177710
Icchannur,11.361480,75.778190
Ichalkaranji,16.691170,74.460540
Ichchapuram,19.113930,84.687210
Ichchhapor,21.193070,72.736510
Ichhawar,23.028160,77.017290
Ichora,19.429660,78.452850
Idaiseval,9.088450,77.808960
Idaiyarpalaiyam,11.039370,76.923690
Idangansalai,11.627210,77.988980
Idappadi,11.586240,77.838910
Idar,23.841450,73.000680
Idigarai,11.118450,76.968980
Idukki,9.850000,76.966670
Iduvay,11.078860,77.285320
Igatpuri,19.695220,73.562600
Iglas,27.711000,77.939670
Ikauna,27.530970,81.969170
Iklehra,23.146670,76.390440
Ilaiyankudi,9.625120,78.624340
Ilampillai,11.606590,78.006760
Ilanji,8.960450,77.280020
Ilkal,15.959230,76.113510
Iluppur,10.513470,78.623570
Imphal,24.808050,93.944200
Inam Maniyachi,9.170560,77.851150
Inda Chhoi,29.640420,75.790410
Indapur_Maharashtra,18.300000,73.250000
Indargarh_Madhya_Pradesh,25.910900,78.561930
Indargarh_Rajasthan,25.728160,76.190360
Indergarh,26.935210,79.671200
Indi,17.177350,75.952600
Indipur,20.660670,85.524750
Indore,22.717920,75.833300
Indpur,32.152790,75.726930
Indri,29.879990,77.059720
Injambakkam,12.916200,80.248800
Iramallur,10.061900,76.571680
Irba,23.455280,85.440450
Irikkur,11.986680,75.550070
Irimbiliyam,10.862420,76.092180
Iringal,11.559290,75.616630
Iringappuram,10.610320,76.052500
Irinjalakuda,10.342380,76.211240
Iriveri,11.855860,75.473620
Irongmara,24.689000,92.742210
Iroopara,8.607470,76.914940
Irugur,11.017820,77.062850
Isagarh,24.839060,77.882740
Isapur,19.883600,79.325950
Isasani,21.097930,79.004120
Islamnagar,28.328960,78.725240
Islampur_Bihar,25.140750,85.205870
Islampur_Rajasthan,28.150140,75.539870
Islampur_West_Bengal,26.265410,88.189820
Ismailabad,30.117210,76.669030
Isnapuram,17.542360,78.199470
Isri,23.987330,86.029250
Itamati,20.137770,85.152430
Itanagar,27.086940,93.609870
Itarsi,22.614770,77.762220
Itaunja,27.083470,80.896720
Jabalpur,23.166970,79.950060
Jabera,23.558190,79.678020
Jadcherla,16.773810,78.136660
Jadugora,22.653610,86.355950
Jafarabad_Delhi,28.678730,77.271160
Jafarabad_Gujarat,20.866110,71.366060
Jafarpur Kalan,28.590020,76.920470
Jaffrabad,12.690530,78.607950
Jagadapatnam,9.967950,79.190140
Jagadhri,30.167190,77.303670
Jagalur,14.519570,76.339150
Jagannathpur,22.221150,85.639170
Jagatsinghapur,20.255700,86.171120
Jagdalpur,19.081360,82.021310
Jagdishpur,26.749670,80.545100
Jagdispur,25.468110,84.419390
Jaggaiahpet,16.891550,80.095510
Jaggayyapeta,16.893800,80.098070
Jagiroad,26.120170,92.197720
Jagnair,26.863600,77.602310
Jagraon,30.787830,75.473910
Jagtial,18.794730,78.916610
Jahanabad_Bihar,25.213680,84.987100
Jahanabad_Uttar_Pradesh,28.630250,79.718180
Jahangirabad,28.405490,78.105880
Jahangirpur,28.179190,77.705010
Jahazpur,25.619940,75.276090
Jaigaon,26.847660,89.375580
Jaijepur,21.831290,82.816420
Jainagar_Bihar,26.590480,86.137910
Jainagar_Jharkhand,23.656940,85.319880
Jainpur,26.153890,83.335050
Jainur,19.373480,78.908280
Jaipur,26.919620,75.787810
Jais,26.264900,81.548550
Jaisalmer,26.917630,70.903870
Jaisinghnagar,23.685820,81.390850
Jaisingpur,16.776390,74.553610
Jaitaran,26.204460,73.936760
Jaithari_Madhya_Pradesh,23.040550,81.797630
Jaito,30.451260,74.891890
Jaitpur,28.506470,77.329760
Jaitwari,24.723680,80.861320
Jajang,21.938350,85.442480
Jajmau,26.430400,80.409500
Jajpur,20.848520,86.337290
Jakhal,29.796270,75.823920
Jakhri,31.489920,77.696770
Jalah,26.237940,91.719820
Jalakandapuram,11.697790,77.872980
Jalalabad_Punjab,30.606220,74.257270
Jalalabad_Uttar_Pradesh,27.726250,79.655230
Jalali,27.866800,78.252670
Jalalpore,20.948960,72.898290
Jalalpur,26.311620,82.738590
Jalandhar,31.325560,75.579170
Jalandhar Cantonment,31.294210,75.619740
Jalarpet,12.570250,78.573180
Jalaun,26.145100,79.336600
Jalda,22.187200,84.843590
Jalesar,27.473150,78.303100
Jaleshwar,21.801760,87.222500
Jalgaon Jamod,21.051940,76.534640
Jalgaon_Maharashtra,21.002920,75.566020
Jali,13.990050,74.530720
Jalladiampet,12.920280,80.208060
Jallaram,18.724080,79.570970
Jalna,19.841020,75.886360
Jalochi,18.156620,74.607080
Jalor,25.345580,72.615590
Jalpaiguri,26.516670,88.733330
Jalukie,25.646740,93.660870
Jam,19.193380,78.279490
Jamadoba,23.716670,86.400000
Jamai,22.196440,78.591910
Jamalpur,25.312580,86.488880
Jambai,11.467750,77.643390
Jambusar,22.052360,72.800740
Jamjodhpur,21.902190,70.035700
Jamkhandi,16.504610,75.291460
Jamkhed,18.735190,75.313430
Jammalamadugu,14.846770,78.383140
Jammu,32.735280,74.861670
Jammu Cantonment,32.704380,74.861140
Jamnagar,22.472920,70.066730
Jamner,20.809490,75.777680
Jamshedpur,22.802780,86.185450
Jamtara,23.963000,86.802850
Jamui,24.926060,86.225310
Jamul,21.250000,81.400000
Jamunamukh,26.101470,92.742640
Jamuria,23.704680,87.078720
Jamwa Ramgarh,27.020210,76.010890
Jandiala,31.159300,75.617550
Jandiala Guru,31.561980,75.027700
Jandli,30.357100,76.796390
Jangalpur,23.827370,86.579280
Jangaon,17.726020,79.152360
Jangipur,24.470010,88.076590
Janjgir,22.009220,82.577800
Janpur,25.295780,84.878940
Jansath,29.325020,77.850440
Jaoli,17.948170,73.621720
Jaora,23.637830,75.127110
Jar,27.736340,80.596780
Jarhi,23.359180,83.044700
Jaridih,23.765710,85.938640
Jarjapupeta,18.180710,83.440250
Jarod,22.439280,73.334750
Jarwal,27.162900,81.541790
Jasai,18.931880,73.018890
Jasdan,22.037090,71.207940
Jashpur Nagar,22.887830,84.138640
Jasidih,24.513790,86.645760
Jaspur,29.279190,78.827980
Jasrana,27.235870,78.652440
Jasrasar,27.707010,73.812760
Jaswantnagar,26.882710,78.902560
Jatani,20.159750,85.707420
Jatara,25.009640,79.048690
Jaunpur,25.753560,82.686890
Jaurian,32.832550,74.576120
Jawad,24.599160,74.862610
Jawaharnagar_Gujarat,22.358290,73.134230
Jawaharnagar_Telangana,17.510010,78.565620
Jawala Mukhi,31.874560,76.320130
Jawhar,19.912130,73.226790
Jayamkondacholapuram,11.212660,79.363690
Jaynagar Majilpur,22.175200,88.420080
Jejuri,18.276580,74.160080
Jena,23.676210,86.018090
Jetalsar,21.708910,70.576950
Jeti,26.344010,80.873950
Jetpur_Gujarat,21.754820,70.623470
Jevargi,17.013940,76.773170
Jewar,28.122000,77.557340
Jeypore,18.856300,82.571600
Jhab,25.023580,71.833890
Jhabua,22.767720,74.590870
Jhadeshwar,21.713610,73.032310
Jhagarwas,26.914830,74.314060
Jhagra Pt.III,26.039900,89.959180
Jhagrakhand,23.194200,82.197560
Jhajha,24.771070,86.378880
Jhajjar,28.606300,76.656500
Jhakal Mandi,29.807590,75.824850
Jhalawar,24.596330,76.164990
Jhalida,23.365450,85.976430
Jhalod,23.100970,74.155360
Jhalrapatan,24.542050,76.172420
Jhalu,29.336090,78.226080
Jhanjharpur,26.264670,86.279930
Jhansi,25.458870,78.579940
Jhargram,22.453840,86.994970
Jharia,23.740790,86.414560
Jharoda Kalan,28.652640,76.952080
Jharoda Mazra Burari,28.730140,77.209110
Jharsuguda,21.855310,84.006980
Jhinghipahari,23.814730,86.302700
Jhinjhak,26.560930,79.734230
Jhinjhana,29.521180,77.224700
Jhinkpani,22.421760,85.746190
Jhompra,21.825470,85.568390
Jhulasan,23.328600,72.473140
Jhumri Telaiya,24.434900,85.529510
Jhundpura,26.347300,77.500980
Jhunjhunun,28.125590,75.397970
Jhusi,25.437450,81.905500
Jigani,12.786120,77.638550
Jiladiguda,17.332000,78.525530
Jind,29.315770,76.315020
Jining,28.216330,94.853890
Jintur,19.611860,76.687400
Jiran,24.308710,74.890870
Jirapur,24.021400,76.376400
Jiraun Kasba,25.121040,78.655970
Jiribam,24.804270,93.121480
Jiwanpur,28.714480,77.284890
Job,21.003430,80.526910
Jobat,22.415990,74.568280
Jobner,26.972570,75.387520
Joda,22.017000,85.422000
Jodhan,30.796160,75.755840
Jodhpur_Gujarat,21.901740,70.032700
Jodhpur_Rajasthan,26.268410,73.005940
Jodiya Bandar,22.716670,70.283330
Jogbani,26.399050,87.265250
Jogighopa,26.226460,90.572470
Jogindarnagar,31.987270,76.789060
Jogipet,17.835640,78.068110
Joka_Odisha,22.084280,86.471970
Joka_West_Bengal,22.453100,88.302270
Jona Pur,28.466150,77.153770
Jonai Bazar,27.829020,95.219410
Jonka,22.689650,87.988490
Jora,26.342090,77.809200
Jora Khurd,26.489270,77.975780
Jorada,20.917420,85.122700
Jorethang,27.106960,88.323320
Jorhat,26.757510,94.203060
Joshimath,30.555430,79.564360
Joshipur,21.962650,86.075090
Jowai,25.435960,92.191320
Jua,15.530700,73.950470
Jubbal,31.109230,77.650850
Jugial,32.368390,75.678190
Jugsalai,22.776680,86.183510
Jujuvadi,12.767940,77.791840
Junagadh,21.519660,70.459810
Junagarh,19.859930,82.933850
Junnar,19.208150,73.875200
Jutogh,31.100000,77.116670
Kab,25.389210,84.789450
Kabatabandha,20.875660,86.024980
Kabilpor,20.950780,72.958300
Kabnur,16.701660,74.439520
Kabrai,25.402810,79.999700
Kabri,29.427840,76.939650
Kachhwa,25.206150,82.714420
Kachrauli,29.458440,76.948640
Kachujan Gaon,27.497830,95.363860
Kadachira,11.836950,75.449040
Kadaiya,20.464500,72.854310
Kadaiyam,8.820440,77.372910
Kadakkavoor,8.679210,76.767140
Kadakola,12.191810,76.665710
Kadamakudi,10.064160,76.245650
Kadambur,8.997390,77.861910
Kadambuttur,13.097550,79.862270
Kadannappalli,12.099970,75.276160
Kadapa,14.479950,78.823460
Kadaparai,10.999170,78.082310
Kadattur,12.086100,78.292570
Kadaura,25.985370,79.838420
Kadayal,8.408340,77.265750
Kadayanallur,9.072770,77.341520
Kadi,23.299080,72.333620
Kadiganahalli,13.168750,77.628250
Kadiganpalli,12.523180,78.208600
Kadikkad,10.670520,75.979750
Kadipikonda,17.963710,79.509760
Kadipur_Delhi,28.774040,77.163080
Kadipur_Uttar_Pradesh,26.167790,82.370280
Kadiri,14.111680,78.159820
Kadiyampatti,11.871990,78.096140
Kadma,23.987350,85.345350
Kadmat,11.224670,72.774820
Kadod,21.217170,73.219720
Kadodara,21.161600,72.962300
Kadungalur,10.094800,76.321060
Kadur,13.552850,76.011640
Kadvad,14.834170,74.176520
Kagal,16.577020,74.315440
Kagaznagar,19.331590,79.466050
Kahi Kuchi,26.101220,91.599020
Kahol,28.858770,77.796090
Kaij,18.713640,76.067180
Kaikalapettai,13.021940,80.120560
Kaikalur,16.551540,81.214000
Kailaras,26.304980,77.616000
Kailasagiri,12.835780,78.712190
Kailashahar,24.331990,92.003910
Kaimganj,27.554410,79.335250
Kaimori,23.384650,79.744200
Kaimur,24.054410,80.613600
Kainoor,10.499090,76.279450
Kaipadar,20.134780,85.553380
Kaipamangalam,10.334960,76.139240
Kaiparamba,10.608290,76.139010
Kair,28.624380,76.917640
Kairana,29.395410,77.205400
Kairangala,12.796680,74.946950
Kaithal,29.801530,76.399590
Kaithoon,25.124070,75.972180
Kakalur,13.139420,79.928720
Kakar Majra,30.482910,77.025060
Kakarati,24.563930,80.265900
Kakaya,26.364430,91.343310
Kakching,24.498200,93.981260
Kakching Khunou,24.404700,93.899810
Kakdwip,21.879140,88.191300
Kakinada,16.960360,82.238090
Kakkalapalle,14.641520,77.566840
Kakkanad,10.016360,76.341680
Kakkodi,11.319730,75.801460
Kakori,26.868000,80.785700
Kakosi,24.003960,72.303110
Kakrala,27.892690,79.194500
Kakti,15.931580,74.525980
Kalaburagi,17.335830,76.837570
Kaladhungi,29.283510,79.351000
Kaladi,10.819420,76.006400
Kalagarh Project Colony,29.477800,78.784490
Kalaigaon,26.574100,91.976050
Kalaikunda,22.339300,87.226370
Kalakkadu,8.513800,77.549440
Kalamassery,10.061400,76.326310
Kalamb,19.044370,73.955540
Kalamnuri,19.673860,77.311490
Kalanaur_Haryana,28.828230,76.395500
Kalanaur_Punjab,32.012270,75.150630
Kalanwali,29.835730,74.971700
Kalappanayakkanpatti,11.328420,78.244370
Kalappatti,11.079370,77.037090
Kalas,18.172410,74.790450
Kalavad,22.207890,70.383430
Kalavai,12.770290,79.419990
Kalavoor,9.570460,76.327560
Kalayat,29.676650,76.255610
Kalghatgi,15.183150,74.970990
Kalher,19.247240,73.015150
Kaliapani,21.051720,85.777220
Kaliawadi,20.951360,72.945800
Kalikapur,22.616620,86.288100
Kalimpong,27.034610,88.630840
Kalinagar,28.620190,80.081520
Kalinjur,12.953400,79.133730
Kaliyaganj,25.634420,88.326650
Kalka,30.839820,76.940650
Kallakkudi,10.976810,78.951260
Kallakkurichchi,11.740400,78.959000
Kallakurichi,11.733790,78.959250
Kallam,18.575060,76.021860
Kallamchavadi,12.953060,80.130830
Kalleribhagam,9.053960,76.558020
Kallettumkara,10.343910,76.268140
Kallidaikurichi,8.685910,77.465920
Kalliyassheri,11.975490,75.364530
Kalliyoor,8.431280,77.012850
Kallukuttam,8.188680,77.287810
Kallupatti,9.716670,77.866670
Kallur Tekkumuri,10.240090,76.323590
Kallur Vadakummuri,10.253170,76.328150
Kalmeshwar,21.232190,78.919880
Kalna,23.219440,88.362950
Kalol_Gujarat,23.246560,72.495080
Kalombe,16.663300,74.211570
Kalparapatti,11.584580,78.027210
Kalpatta,11.608710,76.083430
Kalpeni,10.082600,73.643160
Kalpi,26.116670,79.733330
Kalu Chak,32.657170,74.901650
Kalugumalai,9.149410,77.705690
Kalundri,18.980200,73.127080
Kalwakurti,16.663960,78.491430
Kalyan,19.243700,73.135540
Kalyandurg,14.545190,77.105520
Kalyani,22.975700,88.433700
Kalyansingapuram,19.506340,83.309170
Kamakhyanagar,20.933850,85.544890
Kamal Pur Majra Burari,28.746670,77.193480
Kamalabaria N.C.,26.768500,94.192970
Kamalapuram_Andhra_Pradesh,14.598300,78.669480
Kamalapuram_Karnataka,15.304420,76.476490
Kamalapuram_Telangana,18.268030,80.489040
Kamalganj,27.261810,79.631340
Kamalnagar,18.231020,77.179140
Kamalpur,24.195930,91.834380
Kaman,27.657910,77.269080
Kamareddi,18.320010,78.341770
Kamarhati,22.671110,88.374720
Kamaruddinnagar,28.676950,77.053720
Kamatgi,16.077860,75.813210
Kamayakkavundanpatti,9.738610,77.319990
Kambainallur,12.206570,78.317160
Kambe,19.312410,73.036380
Kamjong,24.858460,94.515490
Kammivapettai,11.753000,79.745670
Kampil,27.612680,79.276870
Kampli,15.406260,76.600130
Kampur Town,26.159550,92.658570
Kamthi,21.216150,79.197300
Kamuthi,9.407320,78.373370
Kanadukattan,10.172090,78.779350
Kanakapura,12.546540,77.420050
Kanakpur I,24.795040,92.806130
Kanakpur Part-II,24.800290,92.803600
Kanam,8.542540,78.057370
Kanapaka,18.114570,83.374310
Kanar,23.672090,76.170840
Kanayannur,9.966670,76.266670
Kanchanpur,24.035920,92.199590
Kanchipuram,12.835150,79.700060
Kanchrapara,22.959980,88.428490
Kandahar,18.873120,77.192310
Kandalloor,9.175600,76.471290
Kandamkunnu,11.869480,75.580790
Kandanissheri,10.597870,76.075830
Kandanur,10.103710,78.825370
Kandanvilai,8.206770,77.328130
Kandari,21.060760,75.809800
Kandasar,20.841610,85.142540
Kandhla,29.321040,77.271010
Kandi,23.959460,88.040180
Kandla,23.033330,70.216670
Kandra,22.851700,86.051920
Kandragadia,21.007240,85.737450
Kandri_Maharashtra,21.242970,79.239110
Kandukur,15.215420,79.903900
Kangarali-budrukh,15.905230,74.511280
Kangarali-khurd,15.895350,74.499040
Kangayam,11.005990,77.560900
Kangeyanallur,12.950810,79.150620
Kangpokpi,25.152730,93.971670
Kangra,32.091350,76.262670
Kanhan,21.228990,79.239800
Kanhangad,12.308140,75.106320
Kanheipur,20.579530,85.979760
Kanhirode,11.918420,75.464500
Kanigiri,15.405550,79.506940
Kanigiri U,15.406370,79.507020
Kanina Khas,28.330930,76.310990
Kanisail Pt I,24.855090,92.370020
Kaniyambadi,12.811810,79.134030
Kaniyarakod-Kizhakumuri,10.744090,76.433900
Kaniyur,11.092970,77.156050
Kanjari,22.612430,72.921070
Kanjhawala,28.736750,77.005160
Kanjikkovil,11.368880,77.596180
Kanjiramkulam,8.359830,77.052530
Kankauli,16.266090,73.712170
Kanke,23.434780,85.320590
Kanker,20.271930,81.491770
Kankipadu,16.435300,80.767150
Kankon,15.026980,74.046170
Kannad,20.256840,75.137860
Kannadiparamba,11.937220,75.403080
Kannamangalam_Kerala,11.075430,75.985220
Kannamangalam_Tamil_Nadu,12.752110,79.147830
Kannampalaiyam,10.995440,77.099040
Kannanendal,9.964870,78.141590
Kannankurichchi,11.696910,78.179410
Kannanur,8.279290,77.292240
Kannapalayam,13.090890,80.099700
Kannapuram,11.984340,75.304140
Kannauj,27.055240,79.918800
Kannavam,11.844500,75.662660
Kannivadi,10.379410,77.830260
Kanniyakumari,8.090080,77.538410
Kannod,22.667640,76.742860
Kannur,11.867520,75.357630
Kanodar,24.089320,72.393540
Kanor,24.434370,74.265460
Kanota,26.870970,75.948400
Kanpur,26.465230,80.349750
Kanpur Cantonment,26.459420,80.375140
Kansad,21.074660,72.878880
Kansapur,30.145460,77.266330
Kansbahal,22.216440,84.663480
Kant,27.810490,79.791850
Kantabamsuguda,18.322640,82.882590
Kantabanji,20.467090,82.920420
Kantai,26.214210,85.297490
Kantaphor,22.576590,76.559600
Kanth,29.059390,78.629510
Kantilo,20.361520,85.192120
Kanuru_Andhra_Pradesh,16.498530,80.691410
Kanwala,30.347810,76.794480
Kanwat,27.588980,75.698840
Kapadvanj,23.023020,73.071130
Kapas Herd,28.526140,77.083960
Kapasan,24.889400,74.316670
Kappiyara,8.246610,77.261710
Kapren,25.405290,76.074310
Kapuria,23.881020,78.745190
Kapurthala Town,31.380110,75.381050
Karachiya,22.378550,73.132760
Karad,17.289370,74.181830
Karadipatti,9.918110,78.023860
Karaikal,10.916670,79.833330
Karaikkudi,10.066150,78.767840
Karaippudur,11.056740,77.306130
Karaivalimadappur,11.067530,77.159340
Karakkad,10.588040,76.038840
Karala,28.735480,77.035220
Karamadai,11.240580,76.960090
Karambakkudi,10.458660,79.141010
Karamsad,22.542430,72.903920
Karamuck,10.484210,76.104450
Karanja,20.482730,77.488570
Karanjia,21.762590,85.973190
Karanpur,29.840420,73.455190
Karari,25.452410,81.426750
Karauli,26.498310,77.027550
Karawalnagar,28.727120,77.270470
Kardhan,30.317680,76.865960
Kareli,22.915330,79.063780
Karera,25.458150,78.135830
Kargahia Purab,26.788710,84.529830
Kargal,14.188300,74.812690
Kargil,34.557650,76.126220
Karhal,27.000890,78.939350
Kari,24.836790,78.866540
Kariapatti,9.675050,78.099920
Karikad,10.701180,76.067890
Karimangalam,12.308740,78.203330
Karimganj,24.869190,92.355430
Karimnagar,18.439150,79.128560
Karimpur,23.975940,88.619170
Karingal,8.236340,77.242560
Karivali,19.291700,73.038200
Kariyangala,12.935670,74.961800
Kariyannur,10.680850,76.162750
Karjan,22.046710,73.118140
Karjat,18.910700,73.323540
Karkala,13.214280,74.992340
Karle,16.977500,73.307900
Karma,24.453650,85.550830
Karma Tanr,23.918600,86.718280
Karmala,18.407700,75.193860
Karmatanr,23.822580,86.524110
Karmeta,23.207250,79.896230
Karnal,29.691970,76.984480
Karnala,18.855320,73.090240
Karnawad,22.736070,76.243870
Karo,23.785160,85.978300
Karol Bagh,28.651360,77.190720
Karrapur,23.948910,78.865840
Kartarpur,31.442680,75.498470
Karthikappally,9.256800,76.448710
Karugampattur,12.926220,79.105460
Karukkalvadi,11.671410,78.012560
Karumalur,10.132900,76.279920
Karumandi Chellipalaiyam,11.301910,77.586030
Karumattampatti,11.109330,77.182000
Karumbakkam,12.702030,80.091100
Karungappalli,9.104220,76.537010
Karunguli,12.533250,79.903900
Karuppur,11.717050,78.092410
Karur,10.957710,78.080950
Karuva,8.950030,76.598610
Karuvanthuruthy,11.172070,75.822600
Karuvellur,12.176060,75.193140
Karvad,20.356290,72.954910
Karwar,14.813610,74.129720
Kasara,19.645100,73.474340
Kasaragod,12.498380,74.989590
Kasauli,30.898560,76.965870
Kasba,25.856430,87.538360
Kasdol,21.618600,82.424890
Kasganj,27.808820,78.645790
Kashipur,29.213990,78.956930
Kasibugga,18.759270,84.416130
Kasinagar,18.857040,83.880880
Kasinayakkampatti,12.482690,78.533570
Kasipalaiyam_Tamil_Nadu,11.319840,77.709710
Kasipet,19.027010,79.438060
Kasrawad,22.127450,75.611010
Kataiya,26.568070,84.083300
Katangi_Madhya_Pradesh,23.441240,79.796210
Katangi_Maharashtra,21.484820,80.203480
Katavallur,10.716890,76.069500
Katghora,22.502470,82.542790
Kathanian,31.637280,74.757180
Katheru,17.037950,81.775970
Kathhara,23.763820,85.884680
Kathlal,22.898200,72.992820
Kathor,21.288540,72.940700
Kathua,32.369410,75.525390
Kati,17.961370,75.888950
Katihar,25.538520,87.570440
Katirail T.E.,24.908700,92.580280
Katirur,11.784910,75.530150
Katkona,23.357070,82.674860
Katol,21.273880,78.585800
Katoya,23.645580,88.132580
Katpadi,12.969510,79.145520
Katpur,21.058690,71.794570
Katra_Jammu_and_Kashmir,32.991670,74.931950
Katra_Uttar_Pradesh,27.508710,82.026360
Katras,23.797520,86.298340
Kattakampala,10.694180,76.033620
Kattanam,9.176140,76.563250
Kattatturai,8.284860,77.275510
Kattimancode,8.190500,77.352570
Kattipparutti,10.873850,76.053480
Kattivakkam,13.216670,80.316670
Kattrivedu,13.137780,80.204440
Kattumannarkoil,11.276310,79.557840
Kattupputtur,10.993850,78.219290
Kattur,10.373150,76.166780
Kauranwali,30.384450,74.063970
Kavali,14.916300,79.994490
Kavalur,15.288290,75.943300
Kavanur,12.996230,80.075140
Kavaratti,10.566880,72.642030
Kaveripak,12.908550,79.462220
Kaveripatnam,12.421860,78.218800
Kavisuryanagar,19.581480,84.760060
Kavundaneri,11.573700,77.980190
Kavundanpalaiyam,11.162470,77.262290
Kawai,24.756440,76.734850
Kawant,22.092820,74.050780
Kawardha,22.008530,81.231480
Kawlchaw ?E?,22.401770,92.952390
Kawlet,14.522300,75.774580
Kawnpur,24.047580,92.675600
Kayalpattinam,8.571430,78.119920
Kayamkulam,9.181730,76.500930
Kayattar,8.948340,77.774240
Kedia,23.794540,85.587240
Keeramangalam,10.286330,79.098860
Keerikkad,9.177220,76.485550
Keevallur,11.897030,75.530990
Keezhkulam,8.230730,77.186260
Kegaon,18.895680,72.913130
Keirao Bitra,24.711050,93.974610
Kekri,25.971320,75.149920
Kelamangalam,12.603070,77.851930
Kelhauri,23.187290,81.631020
Kelwa,25.152120,73.843320
Kempanayakkanpalaiyam,11.531020,77.301400
Kemri,28.806730,79.204800
Kenda,23.195900,86.514990
Kendraparha,20.501660,86.422270
Kenduadih,23.736020,86.374030
Kenjaru,12.962830,74.859340
Keolari,22.369740,79.906030
Keonjhargarh,21.631800,85.596860
Keran,34.653710,73.953080
Kerkandi,11.367830,76.745760
Keru,26.192470,73.044300
Kerur,16.013840,75.546310
Kesabpur,22.968330,88.262780
Kesariya,26.349920,84.870860
Keshod,21.303280,70.248610
Keshorai Patan,25.292750,75.939480
Kesinga,20.187780,83.219490
Keskal,20.083600,81.586750
Kesrisinghpur,29.947520,73.621240
Ketakipatana,19.892710,85.815820
Kevadiya,21.885600,73.702250
Khachrod,23.423220,75.281850
Khada,27.183330,83.883330
Khadkale,18.761430,73.557560
Khadki,18.563500,73.852050
Khadki Buzurg,20.667560,77.022260
Khaga,25.772150,81.103930
Khagaria,25.502200,86.467080
Khagaul,25.578980,85.045640
Khailar,25.341270,78.531330
Khair,27.941950,77.842430
Khaira Bari,26.510810,90.968870
Khaira_Delhi,28.594170,76.970110
Khaira_Maharashtra,19.786730,72.761610
Khairabad_Rajasthan,24.659600,75.930670
Khairabad_Uttar_Pradesh,27.526980,80.754610
Khairagarh_Chhattisgarh,21.418590,80.979420
Khairagarh_Uttar_Pradesh,26.943520,77.818160
Khairi,22.598300,80.392430
Khairtal,27.804260,76.638610
Khajoori Khas,28.709580,77.258700
Khajuraho Group of Monuments,24.848090,79.933510
Khalari,23.650630,85.007440
Khali Kachigam,20.383330,72.866670
Khaliapali,21.363970,83.616410
Khalilabad,26.772680,83.071790
Khallikot,19.609080,85.086090
Khamanon Kalan,30.817250,76.354780
Khamari,21.426840,80.234500
Khamaria_Madhya_Pradesh,23.225580,79.880070
Khambhaliya,22.206850,69.650310
Khambhat,22.317440,72.619160
Khambra on Nakodar Road,31.273680,75.557490
Khamgaon,20.707380,76.568270
Khamharia,20.976000,82.251160
Khammam,17.247670,80.143680
Khan Pur Dhani,28.709970,77.283010
Khan Sahib,33.932840,74.656690
Khanapur,15.639690,74.508470
Khanapuram Haveli,17.262390,80.168090
Khandbara,21.306080,74.044100
Khandela,27.604990,75.502000
Khandpara,20.264360,85.176730
Khandwa,21.824270,76.350860
Khaniadhana,25.029830,78.127090
Khanna,30.705470,76.221960
Khanpur_Gujarat,23.283520,73.681520
Khanpur_Rajasthan,24.732410,76.396010
Khanpur_Uttar_Pradesh,28.534460,78.065460
Khanr,24.180820,81.285670
Khapa,21.422430,78.981680
Khapar,21.532960,73.931170
Khapat,21.654140,69.612590
Kharach,21.454360,72.915790
Kharaghoda,23.187130,71.726640
Kharagpur_Bihar,25.124460,86.555780
Kharagpur_West_Bengal,22.339710,87.325010
Kharakvasla,18.439970,73.775450
Kharar_Punjab,30.746320,76.646890
Kharar_West_Bengal,22.722110,87.678240
Kharbav,19.296980,72.996310
Khardah,22.718610,88.378060
Khardi,19.587630,73.381950
Kharela,25.542770,79.812350
Khargapur,24.823000,79.144000
Kharghar,19.049790,73.070240
Khargone,21.822920,75.613940
Khargupur,27.376110,81.988200
Kharhial,20.288450,82.760600
Khariar Road,20.898720,82.508930
Kharijapikon,26.032850,90.667080
Kharkhari,23.777640,86.239250
Kharkhauda_Haryana,28.878700,76.910690
Kharkhauda_Uttar_Pradesh,28.836440,77.741590
Kharod,21.744200,82.578800
Kharora,21.400970,81.927570
Kharpada,18.836090,73.094150
Kharsawan,22.790930,85.831020
Kharsia,21.989530,83.104760
Kharupatia,26.518390,92.147220
Khatauli,29.278440,77.733020
Khategaon,22.595730,76.913300
Khatiguda,19.237520,82.788120
Khatima,28.921340,79.970750
Khatra,22.976170,86.854620
Khaur,32.602700,74.809180
Khawhai,23.378070,93.127970
Khawzawl,23.517710,93.188860
Khed_Maharashtra,17.718880,73.396930
Kheda,22.752180,72.685330
Khedbrahma,24.029900,73.046320
Khekra,28.865860,77.284100
Khem Karan,31.144430,74.559380
Khera Kalan,28.774450,77.117180
Khera Khurd,28.775550,77.099670
Kheralu,23.885340,72.618690
Kherdi,17.518900,73.556560
Kheri,27.903540,80.797540
Kheri Nangal,29.354360,76.977370
Kheri Sampla,28.778100,76.775600
Kherli,27.273590,76.986130
Kherliganj,24.880780,76.668210
Kherwara,23.985880,73.594930
Khetia,21.671240,74.585350
Khetri,28.000690,75.786440
Khilchian,31.552110,75.172360
Khilchipur,24.039430,76.578000
Khirkiya,22.167320,76.861370
Khliehriat,25.357760,92.366430
Khongapani,23.191200,82.162650
Khoni,19.317340,73.059730
Khonmoh,34.057860,74.949920
Khonsa,27.016670,95.566670
Khopoli,18.785620,73.345890
Khor,24.592360,74.814710
Khorajpur,28.819000,77.436510
Khordha,20.182680,85.616290
Khore,32.822600,74.511290
Khori Kalan,28.215150,76.881470
Khotran,31.201280,75.801480
Khowai,24.079640,91.599720
Khreuh,34.018860,74.999140
Khuda Alisher,30.774740,76.811760
Khudaganj,28.146070,79.714720
Khujner,23.785970,76.617730
Khuldabad,20.006710,75.192450
Khunti,23.076020,85.278180
Khurai,24.043720,78.330140
Khurja,28.253820,77.855350
Khusropur,25.481740,85.384920
Khutar,28.203070,80.270460
Kiadgira,17.252550,77.433370
Kichha,28.911540,79.520090
Kidarakulam,8.566880,76.991290
Kikana,12.382510,75.055770
Kil Bhuvanagiri,11.442160,79.647630
Kila Ambur,8.761050,77.400950
Kilakarai,9.231830,78.785450
Kilampadi,11.204030,77.842690
Kilapavoor,8.908620,77.431120
Kilattingal,8.692640,76.793320
Kilkunda,11.263210,76.654180
Killai,11.449290,79.766790
Killannur,10.599180,76.218010
Kilpuduppakkam,12.679810,79.545200
Kiltan,11.485770,73.003840
Kilvayattanankuppam,12.955490,78.986860
Kilvelur,10.767210,79.741860
Kim,21.400810,72.926820
Kinattukkadavu,10.822480,77.019620
Kinwat,19.625570,78.198700
Kiphire,25.867850,94.785720
Kirakat,25.637450,82.915960
Kirandul,18.636490,81.258270
Kiranur_Tamil_Nadu,10.569880,78.786820
Kiraoli,27.137680,77.785160
Kirari Sulemannagar,28.697360,77.064800
Kiratpur,29.506710,78.206130
Kiri Buru,22.083330,85.350000
Kirippatti,11.535730,78.489670
Kirnapur,21.625920,80.331420
Kirodimalnagar,21.926850,83.332290
Kishanganj,26.102240,87.955340
Kishangarh_Rajasthan,26.590060,74.853970
Kishanpur,25.642320,81.022700
Kishni,27.024870,79.262000
Kishtwar,33.313460,75.767260
Kismatpur,17.334110,78.392480
Kithor,28.866840,77.938610
Kiyamgei,24.744680,93.938190
Kizhake Chalakudi,10.300670,76.337630
Kizhakkumbagam,10.131510,76.444660
Kizhariyur,11.498200,75.680690
Kizhuparamba,11.252610,76.024370
Kizhuppillikkara,10.396680,76.140690
Kizhuvalam-Koonthalloor,8.662510,76.809660
Koath,25.326430,84.259830
Koch Bihar,26.325390,89.445080
Kochi,9.939880,76.260220
Kochpara,26.089020,91.531800
Kodaikanal,10.239250,77.489320
Kodala,19.624250,84.940750
Kodamthuruth,9.800620,76.301530
Kodannur,10.466470,76.184200
Kodar,16.998500,79.965600
Kodarma,24.467530,85.593970
Kodavasal,10.861630,79.479650
Kodigenahalli,13.721360,77.386290
Kodikkulam,9.649310,77.586020
Kodinar,20.793930,70.702160
Kodivalasa,13.254680,79.424870
Kodiyal,14.516650,75.789630
Kodlipet,12.800870,75.886620
Kodoli_Maharashtra,17.670230,74.034690
Kodumudi,11.077510,77.883630
Kodungallur,10.232630,76.195130
Kodur,11.015280,76.070090
Koduvayur,10.686740,76.658790
Koelwar,25.580550,84.797510
Kohima,25.674670,94.110990
Koipadi,12.593020,74.962620
Koira,21.904940,85.242080
Kokernag,33.578470,75.318100
Kokotamangalam South,9.679480,76.358890
Kokrajhar,26.401070,90.272860
Kolaccheri,11.976340,75.416750
Kolambe,12.964670,74.908650
Kolanukonda,16.453920,80.610460
Kolappalur,11.379140,77.429270
Kolar_Karnataka,13.137680,78.129990
Kolar_Madhya_Pradesh,23.164780,77.418930
Kolaras,25.219280,77.611670
Kolasib,24.223880,92.678690
Kolavallur,11.750700,75.619880
Kolayat,27.838150,72.959750
Kolazhi,10.572370,76.218710
Kolhapur,16.695630,74.231670
Kolkata,22.562630,88.363040
Kolki,17.979230,74.449980
Kollam,8.881130,76.584690
Kollancode,8.289030,77.107990
Kollankoil,11.128150,77.743640
Kollegal,12.154490,77.110510
Kollivayal,11.499840,76.481520
Koloriang,27.910010,93.355010
Kolvi,23.942130,75.598560
Komalapuram,9.541890,76.342360
Kombai,9.847450,77.296030
Kompalli,17.544990,78.488360
Konaje,12.796960,75.510200
Konanur,12.630160,76.050370
Konarka,19.890210,86.097610
Konch,25.994510,79.151270
Kondagaon,19.590830,81.664000
Kondalampatti,11.634530,78.123690
Kondalwadi,18.807270,77.770310
Kondamallapally,16.717820,79.002040
Kondamanayakkanpatti,11.710280,78.177050
Kondapalle,16.619890,80.542440
Kondasamudram,12.945520,78.878780
Kondhi,20.014530,79.285640
Kondichettippatti,11.200700,78.163430
Kondli,28.611670,77.326670
Kondotty,11.142300,75.965700
Kondur,11.753980,79.704490
Konganapuram,11.571050,77.900400
Koni,22.121710,82.133620
Konnagar,22.705080,88.344460
Konnur,16.201380,74.748860
Konra,24.310330,85.422100
Konta,17.804920,81.386660
Koolimuttam,10.286240,76.135640
Koonimedu,12.085190,79.889250
Koora,21.432410,81.665280
Koothanallur,10.719900,79.515700
Koothappar,10.797090,78.792310
Koovappady,10.155250,76.485440
Kopaganj,26.019230,83.566300
Kopali,22.837180,86.191610
Kopargaon,19.882390,74.476050
Kopawor,34.528560,74.263960
Koppa,13.530440,75.363290
Koppal,15.345220,76.154780
koppana Agrahara,12.855070,77.667070
Koradacheri,10.770190,79.491580
Koradi,21.247580,79.105750
Korampallam,8.775060,78.091580
Korangarapadi,13.309700,74.761470
Koraput,18.811990,82.710480
Koratagere,13.522000,77.237300
Koratla,18.821540,78.711860
Koratti,10.265970,76.347670
Korba,22.345800,82.696330
Koregaon_Maharashtra,18.645730,74.059090
Korochi,16.719170,74.445100
Korukollu,16.500000,81.250000
Korwai,24.117740,78.040070
Kosamba,21.462020,72.958420
Kosi,27.794490,77.436800
Kosigi,15.855100,77.244630
Kosmi,21.804480,80.206800
Kot,32.400390,75.721660
Kot Fatah,30.113160,75.086700
Kot Isa Khan,30.946590,75.137800
Kot Kapura,30.580610,74.826090
Kota_Chhattisgarh,22.295070,82.023660
Kota_Rajasthan,25.182540,75.839070
Kota_Uttar_Pradesh,24.446430,83.130630
Kotagiri,11.420720,76.860350
Kotamangalam,10.064350,76.628430
Kotaparh,19.142560,82.325360
Kotar,24.698020,80.980730
Kotba,22.439430,83.739990
Kotdwara,29.746120,78.522190
Kotekara,12.792900,74.872170
Koteshwar,13.589360,74.696180
Kothakota,16.380020,77.940040
Kothanallur,8.279110,77.309580
Kothapet,19.351760,79.483230
Kotharia,22.234360,70.819030
Kothi,24.752600,80.777510
Kothri Kalan,23.072190,76.829600
Kotivakkam,12.970160,80.257690
Kotkapura,30.581900,74.832980
Kotkhai,31.117280,77.539360
Kotla,32.250000,76.033330
Kotla Mahigiran,28.536710,77.280660
Kotla Nihang,30.953200,76.538150
Kotma,23.203830,81.979040
Kotputli,27.702070,76.199110
Kotra,25.807700,79.309090
Kottagudem,17.551060,80.617790
Kottaikadu,12.255560,79.982260
Kottaikavundanpatti,11.719610,78.068510
Kottaikuppam,11.961260,79.839230
Kottaiyur,10.109560,78.795600
Kottakkal,11.000890,76.006180
Kottangara,8.924120,76.646730
Kottapalli,18.495430,79.094300
Kottapeta,17.305890,78.490990
Kottappally,11.612660,75.661360
Kottapuram,10.680150,76.193890
Kottarakara,9.003590,76.773830
Kottaram,8.118770,77.524280
Kottavalasa,17.890440,83.190700
Kottayam_Kerala,9.586920,76.521320
Kottur,10.536460,76.980340
Kotturu,14.824420,76.220050
Kottuvalli,10.111190,76.246340
Kotur,17.148420,78.287340
Kotwa,25.030800,81.319080
Kovalam,8.366670,76.996670
Kovilpalaiyam,10.738380,77.034560
Kovilpalaiyampudur,11.507700,77.362920
Kovilpatti,9.171670,77.869890
Kovur,14.500500,79.985180
Kovvur,17.016200,81.729340
Koyali,20.029450,76.490740
Koyilandy,11.438100,75.693060
Koynanagar,17.400000,73.766670
Kozhancheri,9.350000,76.700000
Kozhikode,11.248020,75.780400
Kozhukkallur,11.514600,75.708070
Kozhukkully,10.520910,76.278040
Kralapur,33.999510,74.813310
Krishnagiri,12.519210,78.213820
Krishnanagar,23.405760,88.490730
Krishnapur,22.670280,88.269440
Krishnapuram,9.152120,76.523380
Krishnarajasagara,12.439760,76.382760
Krishnarajpet,12.666210,76.487700
Krishnarayapuram,10.956280,78.283080
Krishnasamudram,10.786360,78.800240
Krushnanandapur,20.358680,86.260640
Kuchaman,27.147450,74.856550
Kuchera,26.987470,73.971080
Kuchinda,21.743560,84.348480
Kud,33.072460,75.287270
Kuda,25.890860,93.738800
Kudachi,16.627840,74.854080
Kudal,16.011480,73.688670
Kudali,11.919820,75.472180
Kudappanakkunnu,8.551420,76.960790
Kudligi,14.905000,76.385270
Kudlu,12.529790,74.978810
Kudremukh,13.223260,75.252710
Kudus,19.533620,73.101030
Kudwa,21.477990,80.185630
Kuhalur,11.433770,77.496010
Kujjanur,9.874340,77.374670
Kuju,23.725360,85.510230
Kukatpally,17.484860,78.413760
Kukdeshwar,24.482850,75.267550
Kukkudakhandi,19.393610,84.755000
Kukshi,22.206770,74.757880
Kulad,20.842530,85.166650
Kulappuram,8.321950,77.148920
Kulasegaram,8.363190,77.297770
Kulasekarapuram,9.091200,76.530340
Kulathummal,8.507300,77.081450
Kulattuppalaiyam,10.761330,77.584250
Kulattur_Tamil_Nadu,11.848580,77.751190
Kulgam,33.644560,75.019230
Kulittalai,10.934870,78.412510
Kullada,19.969390,84.632900
Kullattur,12.941940,80.194720
Kullursandai,9.543070,77.980620
Kulpahar,25.320070,79.639310
Kulti,23.731660,86.843720
Kulu,31.958350,77.108230
Kumar Kaibarta Gaon,26.750910,94.236480
Kumaragiri,8.745210,78.052220
Kumaralingam,10.489360,77.349900
Kumaranellur,10.669640,76.247520
Kumarapalaiyam,11.502100,77.255540
Kumarapalayam,11.444950,77.711020
Kumarapuram_Kerala,9.270780,76.432570
Kumarapuram_Tamil_Nadu,8.292170,77.321450
Kumardubhi,23.742010,86.778820
Kumarghat,24.159740,92.032900
Kumarmunda,22.300000,84.783330
Kumarpur,24.681280,87.841070
Kumbakonam,10.962090,79.391240
Kumbalam,9.906300,76.311270
Kumbalangy,9.879770,76.283530
Kumbalgod,12.879150,77.446450
Kumbhkot,24.618330,76.000770
Kumbhraj,24.373380,77.048410
Kumbi,24.432790,93.812920
Kumhari,21.266670,81.516670
Kumher,27.316570,77.370790
Kumsi,14.054550,75.399920
Kumta,14.428530,74.418900
Kunda,25.717020,81.513960
Kundam,23.219160,80.350010
Kundapura,13.631260,74.690200
Kundarkhi,28.683040,78.785590
Kundgol,15.256120,75.247350
Kundla,21.342220,71.306330
Kundli,28.869130,77.120610
Kunigal,13.023190,77.025180
Kuniyamuttur,10.963760,76.952540
Kunjanpalaiyam,11.586330,77.801120
Kunjatturu,12.746890,74.887850
Kunkuri,22.741990,83.950990
Kunnamangalam,11.304590,75.877720
Kunnamkulam,10.646670,76.066950
Kunnatnad,10.042920,76.424060
Kunnattur_Tamil_Nadu,11.272750,77.410740
Kunnimangalam,12.073540,75.241200
Kunnumma,9.356720,76.413430
Kunnummal,11.683250,75.710780
Kunzar,34.095190,74.499950
Kuppam,12.749310,78.341890
Kupwara,34.030560,74.264170
Kurali,30.834240,76.576770
Kurandvad,16.683170,74.588920
Kurara,25.980460,79.989840
Kurattissery,9.318720,76.528180
Kurduvadi,18.093390,75.415670
Kureekkad,9.929750,76.374570
Kurgahalli,12.354590,76.576680
Kurgunta,17.193210,77.357720
Kurhatitra,26.083380,83.931390
Kurichchi,10.960850,76.973790
Kurichikara,10.571680,76.255940
Kurikuppi,15.217580,76.648730
Kurinjippadi,11.550280,79.590660
Kurkhera,20.618110,80.208510
Kurmur,18.754540,82.937870
Kurnool,15.828870,78.036020
Kurpania,23.791700,85.932270
Kurseong,26.882510,88.277290
Kurthaur,25.562050,85.121650
Kurud,20.830730,81.722120
Kurukkuppatti,11.693700,77.980870
Kurul,18.642190,72.894780
Kurumathur,12.039730,75.411360
Kurumbalur,11.236020,78.800520
Kurumbapet,11.939830,79.771270
Kurumpilavu,10.411000,76.168200
Kuruppanayakkanpalaiyam,11.464460,77.694120
Kuruvattur,11.336090,75.835110
Kurwa,25.397240,85.347370
Kurwai,24.117220,78.038330
Kusavampatti,11.219180,78.180770
Kushalgarh,23.198990,74.450740
Kushalnagar,12.457950,75.959040
Kushinagar,26.741340,83.886890
Kushtagi,15.756230,76.191120
Kusmi,23.283910,83.908300
Kusum Pur,28.554720,77.157300
Kuthalam,11.074310,79.562220
Kutiatodu,9.800000,76.333330
Kutiyana,21.624100,69.984940
Kuttalam,8.930300,77.269510
Kuttali,11.585490,75.766590
Kuttampuzha,10.150330,76.735440
Kuttankuli,8.217430,77.781090
Kuttikkattur,11.262580,75.879600
Kuttippuram,10.842460,76.030770
Kuttuparamba,11.827750,75.565900
Kuttur,10.558560,76.199790
Kuttyattur,11.970260,75.487840
Kuvettu,12.980920,75.253530
Kuwarbav,16.994480,73.355900
Kuzhithurai,8.317920,77.191920
Kwakta,24.448240,93.730240
Kyathampalle,19.667810,78.528900
Kyelang,32.571700,77.024480
L.A.Sagaram,13.903410,79.890550
Labbaikkudikkadu,11.392240,79.021750
Lad,22.843040,82.490630
Ladhaura,25.072950,78.867500
Ladnun,27.653120,74.399930
Ladpur,28.738090,76.995260
Ladrawan,28.786620,76.936520
Ladwa,29.993500,77.045630
Lahar,26.194010,78.941370
Laharijan Natun Bosti,25.912190,93.691280
Laharpur,27.708270,80.902560
Lahauran Bara,30.396720,76.156170
Laitumkhrah,25.570670,91.897710
Lakema,25.567430,93.760560
Lakhanpur_Chhattisgarh,22.987910,83.035630
Lakhanpur_Jammu_and_Kashmir,32.385190,75.597490
Lakheri,25.672370,76.176920
Lakhi Nepali,27.832990,95.223910
Lakhimpur,27.948220,80.779350
Lakhipur_Assam,26.030010,90.306110
Lakhna,26.648220,79.147700
Lakhnadon,22.600490,79.600940
Lakhtar,22.856830,71.788440
Lakhyabad,23.666670,86.666670
Lakkampatti,11.446090,77.411850
Lakkanahalli,12.112020,78.153840
Laksar,29.758700,78.041480
Lakshettipet,18.866670,79.216670
Lakshmeshwar,15.126890,75.469350
Lakshminarayanapuram,11.791400,79.555490
Lal Bahadur Nagar,17.347690,78.557570
Lala,24.554180,92.615920
Lalam,9.716670,76.700000
Lalganj_Bihar,25.868940,85.173940
Lalganj_Uttar_Pradesh,25.931820,81.704780
Lalgola,24.422440,88.252380
Lalgudi,10.874190,78.819350
Lalitpur,24.690070,78.419150
Lalpania,23.738830,85.750270
Lalpettai,11.300880,79.556120
Lalpur,22.190730,69.963510
Lalru,30.491700,76.798690
Lalsingi,19.947450,84.571110
Lalsot,26.559510,76.329150
Lamshang,24.815870,93.874180
Lanja,16.860860,73.549930
Lanji,21.501750,80.540590
Lanka,25.929070,92.948560
Lansdowne,29.841830,78.680140
Lapanga,23.633260,85.376990
Lar,26.203940,83.969060
Laruara,25.453980,86.121210
Lasalgaon,20.142700,74.239460
Lassodyameri,22.783200,75.912560
Lasur,19.940760,74.984870
Latehar,23.744230,84.499840
Lateri,24.060910,77.410440
Lathi,21.723100,71.388430
Lathikata,22.130730,84.890080
Latur,18.397210,76.567840
Lau,24.946420,84.875620
Laungowal,30.193930,75.680890
Lauri,25.139620,80.001120
Lavachha,20.296490,72.990010
Lawa Sardargarh,25.239220,73.989150
Lawan,21.641370,82.341230
Lawar Khas,29.110910,77.777670
Lawngtlai,22.532540,92.899020
Laxmangarh,27.822940,75.027540
Laxmidevipally,17.569900,80.622330
Lebachhara,23.395680,91.733810
Lebur Bit ? I,14.504070,80.082630
Leh,34.165040,77.584020
Lehragaga,29.942650,75.801440
Lelanga,22.391970,83.580780
Lemmi,27.146650,93.246430
Lengpui,23.831790,92.626200
Leteri,24.059790,77.408580
Libaspur,28.750890,77.146470
Lido Tikok,27.288000,95.735790
Lido Town,27.294020,95.741750
Lilia,21.536780,71.363620
Limbdi,22.565070,71.810760
Limbodi,22.666560,75.889970
Limkheda,22.834560,73.992130
Limla,21.185510,72.702980
Limodra,21.355400,73.006480
Lingiadih,22.077480,82.176050
Lingsugur,16.158760,76.521740
Lit,31.496590,75.483550
Lochapada,19.328730,84.800650
Lodhikheda,21.582350,78.859110
Loha,18.944840,77.115530
Lohaghat,29.403560,80.089650
Lohara_Chhattisgarh,21.850000,81.133330
Lohara_Maharashtra,20.389830,78.090270
Loharda,22.591830,76.595690
Lohardaga,23.433050,84.679920
Loharu,28.429930,75.807790
Lohian,31.161850,75.209700
Lohogaon,18.599210,73.927010
Loisinga,20.866670,83.516670
Lonand,18.040410,74.187190
Lonar,19.985330,76.520460
Lonavla,18.752750,73.405750
Londa,15.469070,74.519060
Longding,26.884120,95.319460
Longleng,26.489890,94.817720
Longowal,30.198460,75.681900
Loni,28.751430,77.290230
Loniya,22.061780,78.912580
Lormi,22.274340,81.701810
Losal,27.400000,74.916670
Luckeesarai,25.176500,86.094700
Lucknow,26.839280,80.923130
Ludhiana,30.912040,75.853790
Lumding Railway Colony,25.749030,93.169980
Lunavada,23.128410,73.610430
Lunglei,22.892470,92.742180
Luwangsangbam,24.869560,93.922170
Maan,18.581220,73.704120
Machai,15.792610,74.484140
Machalpur,24.127670,76.316720
Macherla,16.476350,79.435330
Machhiwara,30.915570,76.200160
Machhlishahr,25.685640,82.411060
Machilipatnam,16.187470,81.138880
Mad,25.342670,73.972740
Madambakkam,12.852500,80.046670
Madanapalle,13.550300,78.502880
Madanayakahalli,13.058700,77.462070
Madanpur,23.005890,88.491680
Madarpakkam,13.446700,80.005360
Madattukkulam,10.558690,77.365970
Madattumpadi,10.198820,76.270220
Madayi,12.034270,75.237790
Madayikonam,10.371550,76.225380
Maddur,12.582830,77.042940
Madgaon,15.275010,73.957860
Madhapar,23.237560,69.699460
Madhavaram,13.148190,80.231400
Madhavkampa,23.191480,73.227590
Madhepura,25.921270,86.792710
Madhira,16.923290,80.363080
Madhoganj,27.118070,80.140580
Madhogarh_Madhya_Pradesh,24.564010,80.911260
Madhogarh_Uttar_Pradesh,26.275220,79.185900
Madhuban_Bihar,26.438640,85.135730
Madhuban_Jharkhand,23.760590,86.212520
Madhuban_Tripura,23.781520,91.285790
Madhubani,26.353670,86.071690
Madhugiri,13.660350,77.212390
Madhupur,24.274190,86.639290
Madhurampur Dehri,24.968990,84.196400
Madhuru,12.539810,75.010160
Madhyamgram,22.689440,88.445940
Madikeri,12.426020,75.738200
Madipakkam,12.962260,80.198640
Madkai,15.414160,73.939820
Madugula,17.915890,82.815780
Madukkarai,10.905680,76.963440
Madukkur,10.480980,79.399390
Madurai,9.919000,78.119530
Maduraivayal,13.063060,80.171940
Madurantakam,12.511670,79.884850
Maduravoyal,13.067500,80.163200
Magadi,12.957060,77.223740
Magam,34.092560,74.590160
Magarlor,20.749450,81.851510
Maghar,26.755860,83.127730
Mahabaleshwar_Maharashtra,17.560000,73.400000
Mahabalipuram,12.620910,80.193310
Mahaban,27.432620,77.743380
Mahad,18.083330,73.416670
Mahadula,21.252570,79.081060
Mahagama,25.034250,87.318670
Mahalingpur,16.388800,75.108730
Mahalpur,31.361850,76.037740
Maham,28.969120,76.294950
Mahapoli,19.405620,73.086350
Maharaganj,27.144560,83.562140
Maharajgani,26.110170,84.503650
Maharajganj,26.381260,81.274360
Maharajpur,25.019390,79.731890
Mahasamund,21.107430,82.094800
Mahbubabad,17.597280,80.002070
Mahbubnagar,16.743850,77.985970
Mahe,11.701720,75.534740
Mahemdavad,22.823590,72.755510
Mahendragarh,28.269350,76.152530
Mahendranagar,22.840100,70.860300
Mahesana,23.598640,72.384720
Maheshari,28.214520,76.821820
Maheshlundi,24.176010,86.266210
Maheshtala,22.508620,88.253220
Maheshwar,22.175920,75.587150
Mahgawan,26.494710,78.615930
Mahiari,22.588260,88.235440
Mahindale,20.905410,74.747530
Mahishadal,22.186160,87.980720
Mahlidih,23.808140,86.354150
Mahmudabad,27.291910,81.117750
Mahna,30.227980,74.993650
Mahnar Bazar,25.609620,85.480760
Mahoba,25.290500,79.875330
Maholi,27.663680,80.473710
Mahragaon,22.606120,77.756280
Mahroni,24.586240,78.727710
Mahu Khurd,26.469320,76.732540
Mahuda,23.725350,86.276940
Mahudha,22.820820,72.940320
Mahur,25.183050,93.113420
Mahura,23.357050,80.918710
Mahuva,21.090070,71.769040
Mahuver,21.026680,72.886830
Mahwa,27.045940,76.931520
Maibong,25.301250,93.138110
Maidan Garhi,28.500300,77.205580
Maihar,24.265940,80.760630
Mailani,28.290880,80.343800
Mailaram,17.501280,78.123940
Mainaguri,26.562630,88.820400
Maindargi,17.457390,76.293200
Mainpuri,27.228570,79.028820
Mairabari Town,26.453570,92.422720
Mairang,25.561650,91.636020
Mairwa,26.232180,84.163490
Maithon,23.780000,86.810000
Majalgaon,19.155130,76.209920
Majaragollappatti,11.668110,78.073890
Majarkuri,26.272750,91.495810
Majgaon,26.652460,92.791050
Majhauli,24.119700,81.630010
Majhauli Khetal,26.110160,85.366420
Majhgawan,24.921310,80.807530
Majhiaon Kalan,24.324310,83.816130
Majhiari,33.596940,74.225260
Majhihara,20.175350,86.000050
Majholi,23.501140,79.923960
Majirgaon,26.134850,91.568100
Majitha,31.757110,74.958910
Majra,30.450880,77.037330
Makhdumpur,25.065670,84.972470
Makhjan,17.269800,73.500310
Makhu,31.103350,74.996310
Makkinayakkinpatti,10.644990,77.029390
Makrana,27.043610,74.724450
Makron,23.506710,76.074800
Makronia,23.847650,78.799030
Maksi,23.259990,76.145670
Maktampur,21.705070,73.011880
Makum,27.486520,95.436460
Makundapur,19.609470,84.675210
Malaimachchampatti,10.905780,77.004990
Malajkhand,22.051580,80.715660
Malakanagiri,18.364280,81.888000
Malakpur,32.275040,75.587750
Malakpur Kohi Rangpur,28.540290,77.120750
Malanka,21.724940,72.174930
Malanpur,26.357180,78.286970
Malappuram,11.041990,76.081540
Malaudh,30.633320,75.935650
Malavalli,12.385560,77.060450
Malayadi,8.360900,77.179480
Malayinkeezhu,8.490200,77.037400
Malda,25.004470,88.145730
Maldhe,20.521580,74.553430
Malegaon,20.549660,74.534620
Maler Kotla,30.530900,75.879490
Malhar,21.892750,82.283220
Malhargarh,24.282860,74.990240
Malhipur,25.406910,86.023440
Malicherla,18.070980,83.400230
Malihabad,26.922230,80.710780
Maliya,23.092960,70.758850
Malkajgiri,17.447810,78.526330
Malkapur_Maharashtra,20.885550,76.199320
Malkera,23.782130,86.287670
Mallankinar,9.598160,78.055790
Mallapuram,11.982310,78.247960
Mallar,13.214220,74.760960
Mallasamudram,11.493330,78.031190
Mallur,11.544240,78.140780
Malout,30.211210,74.481800
Malpe,13.349620,74.703940
Malpur,23.360350,73.465950
Malpura,26.283800,75.364580
Malsian,31.129970,75.350180
Malsisar,28.353650,75.297490
Malur,13.003220,77.937980
Malvan,16.059810,73.462900
Mamidalapadu,15.854090,78.014810
Mamit,23.927030,92.489680
Mamnur,17.909190,79.592620
Mamsapuram,9.499590,77.587860
Mamun,32.282410,75.698310
Mana-Camp,21.193950,81.717020
Manakkody,10.485720,76.169680
Manakkudi Mukkuvartura,8.090060,77.481410
Manakunnam,9.885700,76.373280
Manali_Himachal_Pradesh,32.257400,77.174810
Manali_Tamil_Nadu,13.166670,80.266670
Manalur,10.492850,76.102670
Manalurpettai,12.007880,79.091840
Manamadurai,9.673180,78.470960
Manamodu,11.196500,79.595340
Manantheri,11.840850,75.609320
Manapakkam,13.015790,80.176080
Manappakkam,13.010830,80.168610
Manapparai,10.607720,78.425820
Manasa,24.477640,75.140950
Manavadar,21.498130,70.137750
Manavalakurichi,8.147760,77.305520
Manavalassery,10.361280,76.172420
Manaveli,11.890910,79.810370
Manawar,22.235660,75.089170
Mancad,8.297810,77.169720
Manchar,19.004360,73.943460
Mancherial,18.870740,79.428630
Manda,19.568430,72.797220
Mandai,23.219120,79.985460
Mandakad,8.161100,77.279490
Mandal_Gujarat,23.288650,71.918540
Mandal_Rajasthan,25.441260,74.569790
Mandalgarh,25.194070,75.072150
Mandamarri,18.965060,79.474750
Mandapam,9.275710,79.123620
Mandapeta,16.862540,81.929210
Mandasa,18.868300,84.462960
Mandawa,28.055410,75.148340
Mandawar_Rajasthan,27.863740,76.549990
Mandawar_Uttar_Pradesh,29.486550,78.127320
Mandholi Kalan,28.708500,75.682960
Mandi,31.711940,76.932730
Mandi Dabwali,29.966330,74.700250
Mandideep,23.081660,77.533280
Mandir Hasaud,21.223690,81.767640
Mandla,22.598790,80.371150
Mandleshwar,22.175980,75.659950
Mandoli,28.702750,77.309950
Mandrem,15.653370,73.722720
Mandsaur,24.071840,75.069860
Mandu_Jharkhand,23.794590,85.468720
Mandu_Madhya_Pradesh,22.341250,75.401300
Mandvi_Gujarat,22.832820,69.352370
Mandya,12.522300,76.897460
Manegaon,23.206200,80.012320
Manendragarh,23.213370,82.202320
Maner,25.646020,84.872910
Manesar,28.353110,76.940360
Manethi,28.158240,76.389040
Mangalagiri,16.430830,80.568150
Mangalam_Andhra_Pradesh,13.657540,79.462580
Mangalam_Tamil_Nadu,11.100520,77.271240
Mangalapadi,12.668680,74.910390
Mangaldai,26.442120,92.030470
Mangaluru,12.917230,74.856030
Mangalvedha,17.510460,75.447130
Mangampeta,14.015780,79.313700
Mangan,27.509650,88.522060
Mangasamudram,13.229100,79.090870
Mangattidam,11.843260,75.543680
Mangawan,24.667540,81.546440
Manglaur,29.790940,77.878360
Manglya,22.814610,75.925850
Mango,22.827500,86.216390
Mangrol_Gujarat,21.122680,70.114840
Mangrol_Rajasthan,25.330610,76.509730
Mangrul Pir,20.313790,77.341780
Mangvadi,18.431350,73.860020
Mani Majra,30.713970,76.838240
Maniar,25.985460,84.172330
Manihari,25.338910,87.619980
Manikkapuram,11.024680,77.275360
Manikpur,25.060830,81.099610
Manimutharu,8.657730,77.413920
Manipal,13.350000,74.783330
Manipura,13.296210,74.792650
Maniyur_Kerala,11.552210,75.650260
Manjakollai,10.755510,79.820420
Manjalumoodu,8.374510,77.222210
Manjanadi,12.782750,74.897880
Manjathala,11.362380,76.778940
Manjeri,11.120180,76.119960
Manjeshvar,12.712870,74.888570
Manjhanpur,25.530460,81.375660
Mankachar,25.533470,89.863730
Mankapur,27.051890,82.229610
Mankuwa,23.209860,69.567580
Manmad,20.253340,74.437550
Mannachanallur,10.909880,78.699270
Mannanchori,9.572200,76.352450
Mannarai,11.117230,77.372560
Mannarakkat,10.992230,76.464180
Mannargudi,10.666260,79.450640
Manohar Thana,24.240000,76.801820
Manoharpur_Jharkhand,22.374560,85.192340
Manoharpur_Rajasthan,27.297690,75.949500
Manoharpur_Tripura,23.721540,91.212570
Manor,19.724400,72.909660
Manpur,22.431510,75.621070
Mansa_Gujarat,23.425640,72.657390
Mansa_Punjab,29.988440,75.401670
Mansar,21.396020,79.263500
Mansur Chak,25.623140,85.920760
Manthani,18.650870,79.665010
Manu,23.999100,91.989220
Manu Bans Grunt,29.990370,77.935130
Manuguru,17.930230,80.826710
Manvi,15.991260,77.050340
Manwal,32.302610,75.675700
Manwath,19.301330,76.497350
Maoli,24.783480,73.983890
Mappilaiurani,8.835900,78.135180
Mapusa,15.591540,73.808980
Mar?S?,23.261180,92.401120
Maradu,9.936530,76.323820
Maragondahalli,12.833820,77.655750
Marahra,27.736800,78.568910
Marai Kalan,24.021110,85.350620
Maraimalainagar,12.797820,80.025020
Marakkanam,12.192140,79.941930
Maralia,32.639060,74.821380
Marampilly,10.113830,76.441840
Marancheri,10.740510,75.970960
Marandahalli,12.388260,78.003160
Marar,23.671190,85.508390
Marattakara,10.473270,76.255770
Marayur,10.276410,77.162050
Margherita,27.284820,95.667960
Marhaura,25.973490,84.867960
Marhi,33.109850,74.841550
Mariahu,25.604040,82.603790
Mariani,26.657250,94.315290
Mariyat,12.176390,75.167960
Markapur,15.735340,79.268480
Markkayankottai,9.852620,77.360300
Marma,23.764620,86.734090
Maro,21.866650,81.858880
Maroa,26.351140,91.450940
Marpara North,23.269920,92.404330
Marthandam,8.308120,77.221440
Marturu,10.171710,76.426410
Marudur,10.916030,78.450920
Marungur,8.172100,77.503670
Marutharod,10.775100,76.699480
Marwad,20.437640,72.832240
Marwar Junction,25.725030,73.603290
Masaurhi Buzurg,25.354170,85.031950
Mashat,20.245140,73.008410
Masila,22.580830,88.232780
Masinayakkanpatti,11.667420,78.228320
Masinigudi,11.568310,76.640870
Masratu,23.982510,85.323840
Matabhanga,26.341970,89.215550
Matarbari,23.506750,91.496790
Mataundh,25.435940,80.156530
Mathadahatti,14.239320,76.379320
Matheran,18.982810,73.265200
Mathur,13.170970,80.247590
Mathura,27.503500,77.672150
Mathurapur,25.870990,85.788160
Matigara,23.781060,86.177590
Mattan,33.763020,75.208980
Mattanur,11.930180,75.571520
Mattigiri,12.697950,77.808320
Mattur,11.321470,79.202450
Mau Aimma,25.695150,81.923360
Mau_Madhya_Pradesh,26.265840,78.671080
Mau_Uttar_Pradesh,25.941670,83.561110
Mauda,21.145750,79.397940
Maudaha,25.683120,80.114190
Mauganj,24.667210,81.873390
Mauli Jagran,30.691950,76.825920
Maur,30.083330,75.250000
Mauranwan,26.428760,80.880080
Mav Patoda,19.460090,76.191620
Maval,18.755270,73.444280
Mavelikara,9.259290,76.556420
Mavitayi,11.841180,75.476950
Mavoor,11.266670,75.916670
Mawana,29.102880,77.921990
Mawlai-Mawiong,25.623220,91.881750
Mawpat,25.599020,91.925010
May,23.430390,70.394810
Mayabandar,12.909540,92.903480
Mayakonda,14.288940,76.083050
Mayang Imphal,24.609980,93.888730
Mayapur,22.416670,88.116670
Mayar,29.104650,75.863880
Mayiladi,8.155020,77.505630
Mayiladuthurai,11.103540,79.655000
Mayyanad,8.837260,76.645050
Mayyil,11.984850,75.438380
Mechcheri,11.834120,77.943870
Medak,18.045310,78.260780
Medankarwadi,18.747750,73.869100
Medchal,17.629720,78.481390
Meddappakkam,12.916610,80.193850
Medha,17.794140,73.828670
Medininagar,24.039710,84.065800
Medinipur,22.421140,87.322570
Medpalli,17.406110,78.604440
Medziphema,25.757590,93.865450
Meenambakkam,12.984560,80.174700
Meerpet,17.320980,78.530460
Meerut,28.980020,77.706360
Meethari Marwar,27.576150,74.686610
Meghahatuburu,22.072380,85.269180
Meghnagar,22.906570,74.541580
Meghraj,23.498050,73.513520
Mehatpur Basdehra,31.407120,76.342310
Mehidpur,23.488790,75.658000
Mehkar,20.150500,76.568410
Mehmand,22.037150,82.196130
Mehmood Pora,33.687360,74.995230
Mehnagar,25.878890,83.116110
Mehndawal,26.975790,83.109950
Mehsi,26.355740,85.092510
Mel Pattambakkam,11.788160,79.628400
Mel Seval,8.672230,77.614670
Melmadai,9.926380,78.150280
Melpedu,13.156390,80.041390
Melukote,12.662580,76.648610
Melur,10.032410,78.339300
Memari,23.176470,88.097490
Men,25.029510,84.891860
Mendarda,21.321120,70.440780
Mennanyam,11.557900,75.759640
Meppadam,9.324160,76.493400
Meppayyur,11.538850,75.735100
Mera,23.755600,86.794380
Mercurim,15.426980,73.899630
Merta,26.648590,74.034140
Merta Road,26.722690,73.917620
Meru,24.009670,85.467310
Met,19.614690,77.849080
Methukummal,8.307460,77.152050
Metpalle,18.847240,78.625630
Mettamalai,9.395540,77.894590
Mettupalayam,11.299710,76.934850
Mettuppalaiyam_Tamil_Nadu,11.168060,78.449440
Mettur,11.787960,77.800800
Mevalurkuppam,13.031980,79.999540
Mharal Bk,19.245880,73.177100
Mhasal,20.750440,78.636340
Mhasla,18.133400,73.111620
Mhaswad,17.633590,74.787730
Mhow,22.558900,75.765430
Miao,27.493350,96.181180
Midalam,8.221620,77.261680
Mihona,26.283730,78.980480
Milak,28.610310,79.169970
Milattur,10.857590,79.239380
Milavittan,8.819280,78.090870
Minad,8.850310,76.695160
Minakshinayakkanpatti,10.375930,77.957030
Minakshipuram,9.990800,77.370850
Minalur,10.624950,76.221470
Minicoy,8.288990,73.061700
Minjur,13.279510,80.258150
Minnampalli,11.000540,78.118050
Mir Pur Turk,28.704930,77.264240
Miranpur,29.290260,77.949390
Miranpur Katra,28.029630,79.667780
Mirganj_Bihar,26.373450,84.334890
Mirganj_Uttar_Pradesh,28.540120,79.208170
Mirik,26.888170,88.190070
Mirjhapar,23.218960,69.633580
Mirpur,30.611900,76.853310
Miryalaguda,16.872200,79.562470
Mirzapur,25.144900,82.565340
Misrikh,27.431370,80.531570
Mithapur,22.414140,69.008850
Mithepur,28.497400,77.318560
Mitraon,28.606230,76.945980
Modakkurichchi,11.232920,77.779360
Modameedipalle,14.735950,78.560580
Modasa,23.462530,73.298570
Modinagar,28.830590,77.572950
Moga,30.813830,75.168780
Mogral,12.572550,74.958390
Mohali,30.679950,76.722110
Mohan,26.780080,80.674970
Mohana,19.442730,84.261280
Mohanpur_Bihar,26.605300,85.517950
Mohanpur_Uttar_Pradesh,28.252610,80.244980
Mohanur,11.059360,78.139650
Mohgaon,21.639410,78.736380
Mohiuddinnagar,25.573740,85.669440
Mohmaiki,26.635740,93.629380
Mohpa,21.310120,78.829690
Mohpada,18.899520,73.182200
Moira,15.602560,73.839020
Moirang,24.497500,93.777910
Mokameh,25.396620,85.921900
Mokeri,11.777590,75.573090
Mokokchung,26.324800,94.518340
Molakalumuru,14.717830,76.746770
Molarband,28.502950,77.314420
Molasur,12.938680,79.883840
Mon,26.735830,95.058410
Monoharpur,22.108330,88.078890
Moonak,29.825290,75.890550
Moonniyur,11.059720,75.903110
Moothakunnam,10.189950,76.200790
Mop_Maharashtra,19.951720,76.655490
Moparipalaiyam,11.133180,77.146980
Mora,21.178290,72.658860
Moradabad,28.838930,78.776840
Moragudi,14.862590,78.378780
Morak,24.726600,75.955760
Moram,17.788120,76.470770
Morampudi,16.980050,81.837150
Moran Town,27.187380,94.914690
Moranha,27.187350,94.915570
Morar,26.226400,78.224820
Morattuppalaiyam,11.160630,77.409130
Moreh,24.250800,94.300730
Morena,26.498920,77.995340
Morewadi,16.662410,74.254380
Morigaon,26.249080,92.347640
Morinda,30.790140,76.498830
Morjim,15.630970,73.739030
Mormugao,15.389140,73.814910
Morongial,26.332640,92.683520
Morsi,21.340300,78.012580
Morvi,22.817310,70.837700
Morwa,22.904690,73.839120
Mosli Pt I,24.859540,92.477480
Mota Natava,23.174400,74.044610
Moth,25.725950,78.950290
Mothihari,26.648620,84.916560
Motipur,26.252670,85.160760
Mowad,21.464750,78.451030
Mubarakpur,26.088660,83.290880
Mubarakpur Dobas,28.709800,77.039360
Mubarakpur Net,25.710740,83.697970
Mubarikpur,30.614640,76.855860
Mudabettu,13.267760,74.748050
Mudalgi,16.336850,74.967680
Mudashedde,12.934440,74.892150
Mudbidri,13.066530,74.995250
Muddanuru,14.687180,78.393090
Muddebihal,16.337820,76.131730
Mudgal,16.011910,76.442030
Mudgere,13.133530,75.641600
Mudhol,16.333540,75.283050
Mudkhed,19.156570,77.503040
Mudki,30.780050,74.881060
Mudukulathur,9.341690,78.513880
Muduperar,12.973320,74.937790
Mugalivakkam,13.020540,80.165280
Mugma,23.770150,86.727460
Muhamma,9.608860,76.360830
Muhammadabad_Uttar_Pradesh,25.619070,83.755760
Muhdal,31.686440,74.951240
Mukandgarh,27.952080,75.224310
Mukandpur,28.739440,77.183150
Mukasi Pidariyur,11.195540,77.602710
Mukerian,31.953940,75.617160
Mukher,18.706360,77.367950
Mukhiguda,19.440190,82.850510
Mukkudal,8.743120,77.522500
Mukmelpur,28.791770,77.162960
Mukondapalli,12.751420,77.801690
Muktsar,30.474260,74.516600
Mul,20.069870,79.678260
Mulaguntapadu,15.264050,80.019560
Mulaikkaraippatti,8.545410,77.767920
Mulakuddu,17.916090,83.448800
Mulakumud,8.268090,77.285990
Mulamthuruthy,9.900320,76.387010
Mulanpur,30.799970,76.743580
Mulanur,10.794260,77.711500
Mulavukad,10.013600,76.263060
Mulbagal,13.163520,78.393460
Mulgund,15.280700,75.521320
Mulki,13.091010,74.793530
Mullanpur,30.854570,75.660890
Mullanwala,31.061890,74.822770
Mullassheri,10.533280,76.085850
Mullippattu,12.670140,79.258760
Multai,21.774630,78.257560
Mulugu,18.191000,79.943000
Muluppilagadu,11.797880,75.451110
Mulur,12.939840,74.927610
Mumbai,19.072830,72.882610
Mundali,28.869770,77.826580
Mundamarai,19.639280,84.601330
Mundargi,15.206770,75.883900
Mundathikod,10.644570,76.195280
Munderi,11.930280,75.445460
Mundgod,14.971440,75.036580
Mundi,22.066930,76.493260
Mundka,28.680120,77.029750
Mundra,22.839180,69.721900
Mundwa,27.063100,73.823040
Mungaoli,24.408370,78.095880
Mungeli,22.065660,81.685430
Munger,25.374590,86.474550
Munirabad,15.309280,76.338300
Munnar,10.088180,77.062390
Munnuru,12.861630,75.018550
Muradabad Pahari,28.564560,77.151260
Muradnagar,28.780690,77.498650
Muragacha,23.536310,88.394250
Muraidih,23.809840,86.238710
Murakambattu,13.246310,79.118740
Murbad,19.253950,73.389930
Murda,15.480220,73.854410
Murgud,16.396040,74.191420
Murhari,24.178680,91.823330
Muri,23.370740,85.862360
Muringur Vadakummuri,10.289010,76.338510
Murliganj,25.896900,86.995770
Murmari,21.072920,79.828040
Mursan,27.577880,77.940910
Murshidabad,24.183900,88.271710
Murtajapur,20.732990,77.366940
Murud,18.328170,72.962100
Murudeshwara,14.094300,74.484500
Murugampalaiyam,11.080630,77.323810
Murwara,23.837760,80.394050
Musafir-Khana,26.378370,81.796070
Mushabani,22.511350,86.457130
Mushalpur,26.579200,91.426100
Musiri,10.952990,78.444270
Mussoorie,30.454980,78.070680
Mustafabad_Delhi,28.719740,77.267810
Mustafabad_Haryana,30.202200,77.148730
Mutge,15.865610,74.591830
Muthukulam,9.216800,76.459200
Muthupet,10.395050,79.493530
Muthutala,10.835440,76.159580
Muttanampalaiyam,11.084530,77.396900
Muttargi,17.540960,78.227150
Muttayyapuram,8.749800,78.131120
Muttukavundanpudur,11.049800,77.115150
Muttur,11.046370,77.736300
Muvattupula,9.984930,76.577280
Muvattupuzha,9.979850,76.573810
Muzaffarnagar,29.470910,77.703320
Muzaffarpur,26.122590,85.390550
Muzhucode,8.361900,77.228100
Mysuru,12.297910,76.639250
Nabha,30.375770,76.152920
Nabinagar,24.606810,84.126240
Nachane,16.984370,73.339280
Nachiyar Koil,10.919530,79.445920
Nadaikavu,8.291500,77.147930
Nadapuram,11.684650,75.654930
Nadaun,31.783030,76.343100
Nadbai,27.222880,77.195690
Nadgaon Tarf Birwadi,18.100790,73.456320
Nadiad,22.693850,72.861570
Nadigaon,26.107840,79.022830
Nadim Tiruvuru,17.112090,80.608800
Nadisal,13.132640,74.777740
Nadrala,27.417850,79.152050
Naduvannur,11.487720,75.775110
Naduvattam_Kerala,10.879950,76.002000
Naduvattam_Tamil_Nadu,11.480750,76.543650
Nag,31.730120,74.942300
Nagalapuram,13.388360,79.796230
Nagalwari,21.121460,78.960090
Nagam,33.926370,74.791890
Nagamangala,12.819390,76.754560
Nagamangalam,10.706130,78.619030
Nagaon,26.350000,92.666670
Nagapattinam,10.763770,79.843130
Nagapur,19.158520,74.700870
Nagar Karnul,16.482100,78.324710
Nagar_Himachal_Pradesh,32.138080,77.173930
Nagar_Rajasthan,27.423970,77.099220
Nagari,13.321390,79.585570
Nagaur,27.202010,73.733940
Nagavaram,17.488620,78.602080
Nagda,23.458340,75.417590
Nagercoil,8.178990,77.432270
Nagina_Haryana,27.917170,76.982070
Nagina_Uttar_Pradesh,29.444330,78.436460
Naginimora,26.814920,94.810840
Nagireddipalli,14.270050,79.101310
Nagod,24.569240,80.588090
Nagojanahalli,12.357040,78.288580
Nagothana,18.542250,73.134930
Nagpur,21.146310,79.084910
Nagram,26.618720,81.140430
Nagri Kalan,23.816390,86.343710
Nagri_Chhattisgarh,20.346460,81.959980
Nagri_Madhya_Pradesh,23.847710,75.144330
Nagrota Bagwan,32.107210,76.376570
Nagrota_Himachal_Pradesh,32.057100,76.091390
Nagrota_Jammu_and_Kashmir,32.801060,74.913240
Nahan,30.560290,77.294260
Naharlagun,27.104670,93.695180
Nahira,26.109310,91.470450
Nahorkatiya,27.286000,95.328000
Nai-Ledri,23.177110,82.199210
Naigaon Dattapur,20.244040,76.574830
Naigarhi,24.786860,81.778680
Naihati,22.893960,88.415210
Naila,22.020740,82.566600
Naina Devi,31.306030,76.536390
Naini Tal,29.397430,79.446860
Nainpur,22.429960,80.105610
Nainwa,25.771450,75.849780
Najafgarh,28.609220,76.979820
Najibabad,29.611940,78.342740
Nakhula Grant,26.121530,92.210500
Nakkapalle,17.407920,82.716630
Nakodar,31.125860,75.475080
Nakrekal,17.162590,79.427540
Naksalbari,26.682700,88.220010
Nakur,29.919640,77.304380
Nal Khera,23.836020,76.243160
Nalagarh,31.041680,76.722850
Nalambur,13.086670,80.170280
Nalbari,26.439370,91.440410
Nalco,20.865440,85.182830
Naldurg,17.816670,76.281820
Nalgonda,17.054390,79.267070
Nalhati,24.297040,87.828990
Naliya,23.260580,68.826550
Nallakavundanpalaiyam,11.592280,78.013660
Nallampatti,11.342890,77.537210
Nallavila,8.205490,77.344390
Nallippalaiyam,11.238840,78.149480
Nalloor,8.306380,77.223980
Nallur_Tamil_Nadu,11.100300,77.391360
Nalvadi,20.757410,78.622150
Namagiripettai,11.455130,78.268180
Namakkal,11.221260,78.165240
Nambiyur,11.358110,77.321150
Nambol,24.695570,93.819740
Nambutalai,9.727660,79.007070
Namchi,27.164940,88.363800
Namli,23.461150,75.060360
Namminikara,10.432160,76.254180
Namrup,27.193950,95.319290
Namsai,27.669040,95.863950
Nanakwada,20.602870,72.922030
Nanauta,29.712150,77.417280
Nanda,19.772220,79.130860
Nandambakkam,12.977950,80.067810
Nanded,19.160230,77.314970
Nandej,22.895580,72.679160
Nandelav,21.720260,72.995960
Nandesari INA,22.406240,73.095170
Nandgad,15.577460,74.568990
Nandgaon_Maharashtra,20.306800,74.655010
Nandgaon_Uttar_Pradesh,27.711020,77.386530
Nandigama,16.771700,80.285960
Nandikotkur,15.856680,78.265690
Nandkharki,23.782300,86.192210
Nandri,26.311570,73.100870
Nandura,20.834170,76.459240
Nandurbar,21.366710,74.240510
Nandyal,15.477990,78.483600
Nangal,31.389660,76.375740
Nangal Chaudhri,27.892750,76.112070
Nangavalli,11.761890,77.890930
Nangavaram,10.869240,78.539240
Nangilickondan,12.255390,79.475080
Nangli,31.686330,74.887470
Nangli Sakrawat,28.621690,76.992300
Nangloi Jat,28.679570,77.067990
Nanguneri,8.493260,77.658060
Nanhera,30.319200,76.847980
Nani Daman,20.414310,72.832360
Nanjangud,12.117640,76.683970
Nanjikkottai,10.729250,79.142450
Nanminda,11.423250,75.823080
Nannambra,10.992110,75.907990
Nannilam,10.879330,79.610620
Nanpara,27.864590,81.500360
Nanpur,22.270230,74.527120
Naoghar,18.891670,72.985670
Napasar,27.960590,73.559130
Naraina,26.790690,75.206080
Naraingarh,30.477980,77.128040
Naraini,25.190330,80.475000
Narainpur,19.717940,81.244370
Narakal,10.038330,76.222100
Naranammalpuram,8.759850,77.739860
Naranapuram,9.450520,77.835240
Narasannapeta,18.414280,84.044630
Narasapur,16.434250,81.698450
Narasaraopet,16.234880,80.049270
Narasimhanaickenpalayam,11.117320,76.936310
Narasimharajapura,13.610750,75.512000
Narasingam,9.965800,78.183310
Narasingapuram_Andhra_Pradesh,13.607590,79.316520
Narasingapuram_Tamil_Nadu,11.603790,78.577820
Narath,11.960200,75.389310
Narauli,28.485470,78.714840
Naraura,28.201470,78.387230
Naravarikuppam,13.191330,80.184730
Narayanapuram,14.704040,77.578000
Narayanavanam,13.425650,79.588810
Narayangarh,24.270830,75.050070
Narayankher,18.034130,77.772840
Narayanpet,16.747990,77.495400
Naregal,15.573160,75.808050
Narela,28.852670,77.092880
Narendranagar,30.161730,78.287120
Nargund,15.722990,75.386660
Narharpur,20.448920,81.620040
Nari,21.772630,72.072790
Narikombu,12.884580,75.054230
Narkatiaganj,27.103830,84.461850
Narkher,21.472310,78.534150
Narmadapuram,22.747470,77.727360
Narnaul,28.044440,76.108330
Narnaund,29.220470,76.142780
Naroda,23.070410,72.657020
Naroli,20.273540,72.941670
Narot Mehra,32.267260,75.564690
Narra,23.781700,86.100720
Narsala,21.089730,79.135860
Narsampet,17.927860,79.892270
Narsapuram,18.100440,78.880210
Narsimhapur,22.949360,79.183570
Narsingarh,23.909670,91.250840
Narsinghgarh,23.707580,77.093190
Narsingi_Telangana,17.390170,78.356930
Narsipatnam,17.667090,82.612450
Narwana,29.599030,76.119270
Narwar,25.643900,77.912900
Naryanpur,26.950100,93.857660
Nashik,19.997270,73.790960
Nasirabad,26.304730,74.733640
Nasiyanur,11.338140,77.640820
Naspur,18.845770,79.461650
Nasriganj,25.051400,84.328390
Nasrullahganj,22.683700,77.270690
Nasvadi,22.045250,73.731610
Natathara,10.509190,76.259050
Nateputa,17.898950,74.752220
Natham,10.227760,78.229690
Nathampannai,10.409340,78.791760
Nathdwara,24.938050,73.823920
Nattakam,9.545330,76.514140
Nattalam,8.279610,77.234550
Nattappettai,12.818710,79.749250
Nattarampalli,12.592030,78.511630
Nattarasankottai,9.869050,78.553050
Naubaisa Goan,26.795520,94.215910
Naubasta,24.563980,81.184980
Naubatpur,25.498560,84.960840
Naugachhia,25.388070,87.099060
Naurhiya,24.206880,82.565470
Naushahra,33.157120,74.240120
Nautan,26.720280,84.475380
Nautanwa,27.427520,83.417890
Nava Bhildi,24.190670,72.005930
Navadwip,23.406700,88.368610
Navalgund,15.558770,75.353050
Navalpattu,10.750510,78.776260
Navalur,12.844820,80.226460
Navapur,21.161570,73.793990
Navelim_Goa,15.533330,73.983330
Navi Mumbai,19.036810,73.015820
Navkawada,19.919920,79.107650
Navoor,12.890960,75.084820
Navsari,20.942370,72.924670
Nawa,27.019500,75.002260
Nawabganj_Uttar_Pradesh,26.931290,81.198410
Nawada,24.886700,85.543640
Nawagarh,21.900830,81.613460
Nawalgarh,27.851610,75.273840
Nawanshahr_Jammu_and_Kashmir,32.765050,74.527720
Nawanshahr_Punjab,31.124500,76.116130
Nawapara,20.971730,81.858840
Naya Baradwar,22.010130,82.817700
Naya Bazar,27.130820,88.239720
Naya Gaon,30.775150,76.793080
Nayabazar,27.146670,88.279750
Nayagarh,20.128820,85.096260
Nayanakulam,9.961150,78.137150
Nayudupet,13.907420,79.894650
Nazarathpettai,13.046940,80.079770
Nazareth,8.561020,77.972140
Nazira,26.916490,94.736110
Neb Sarai,28.508410,77.200630
Nedumangad,8.602670,77.001390
Nedumbassery,10.156460,76.401670
Nedumpana,8.907960,76.692980
Nedumpura,10.732790,76.264370
Neduva,11.056690,75.866850
Needamangalam,10.773780,79.418750
Neelagiri,10.759430,79.093370
Neelankarai,12.949500,80.259200
Neem ka Thana,27.739760,75.786520
Neemrana,27.991930,76.385430
Neemuch,24.476390,74.862410
Nelamangala,13.099780,77.393640
Nellikkuppam,11.775540,79.670160
Nellimarla,18.156190,83.447270
Nellore,14.449920,79.986970
Nelluvayi,10.680690,76.182030
Nemili,12.978330,79.617220
Nepanagar,21.453800,76.393350
Ner,20.489710,77.866320
Neral,19.024750,73.316880
Nerinjippettai,11.654330,77.758620
Nerkunram,13.061940,80.209440
Nerul,15.510310,73.780870
Nerupperichchal,11.161050,77.373980
Net,25.585250,75.570880
Neturhat,23.474570,84.267800
New Bongaigaon Railway Colony,26.477160,90.535980
New Delhi,28.621370,77.214800
Newa Talai,24.352170,73.747960
Neykkarappatti_Tamil_Nadu,11.622500,78.105790
Neykuppai,10.221400,78.536020
Neyveli,11.608770,79.499400
Neyyattinkara,8.398540,77.085860
Neyyur,8.198290,77.303790
Ngur,23.537980,93.373200
Nichlaul,27.312470,83.725300
Nidadavole,16.905720,81.672220
Nidanpur Pt-II,26.023310,90.303750
Nihalpur Simba,32.623610,74.781940
Nihtaur,29.324160,78.387240
Nilagiri,21.462350,86.767940
Nilaiyur,9.857210,78.059760
Nilakottai,10.165000,77.850240
Nilambur_Kerala,11.272710,76.225710
Nilambur_Tamil_Nadu,11.059000,77.083830
Nilanga,18.116750,76.752790
Nildoh,21.110750,78.989150
Nileshwar,12.259530,75.135200
Nilithi,28.652010,77.056440
Nilokheri,29.836710,76.931910
Nilpur,30.468890,76.579720
Nimach,24.459490,74.866250
Nimaj,26.149950,74.000940
Nimaparha,20.057560,86.004360
Nimbahera,24.621660,74.679990
Nimbhora Budrukh,21.048630,75.841900
Ningthoukhong,24.571730,93.764060
Nipani,16.399000,74.382850
Niramargar,12.885680,74.915100
Nirmal,19.096850,78.344070
Nirmali,26.313970,86.585370
Nirsa,23.784380,86.706920
Nisang,29.692290,76.754640
Nithari,28.704890,77.052850
Nivari,25.349110,78.799740
Niwai,26.360730,75.918360
Niwari,28.876110,77.538200
Niwas,23.045740,80.444690
Niz - Mankata,27.464170,94.921300
Niz Katigorah Pt III,24.877330,92.570030
Niz-Bahjani,26.380590,91.415880
Niz-Hajo,26.249420,91.524300
Nizamabad_Telangana,18.671540,78.098800
Nizamabad_Uttar_Pradesh,26.052950,83.057870
Nizampur,21.112770,74.330670
No.2 Goreswar,26.530620,91.725100
Noamundi,22.160940,85.504160
Nohan,31.034330,76.570990
Nohar,29.182920,74.770640
Nohsa,25.565280,85.055990
Noida,28.580000,77.330000
Nokha_Bihar,25.104790,84.116200
Nokha_Rajasthan,27.561550,73.471410
Nongpoh,25.902300,91.876940
Nongstoin,25.517040,91.264840
Nongthymmai,25.563700,91.906400
Nongumlong,25.564360,91.831200
Noria,32.520950,74.798450
North Guwahati,26.197490,91.720200
North Lakhimpur,27.235170,94.103570
North Vanlaiphai,23.132270,93.065320
Nowangabra,34.362090,73.845300
Nowgong,25.061360,79.441250
Nowrangapur,19.231140,82.548260
Nowrozabad,23.352190,80.980600
Nowsolia Gaon,26.730840,94.186010
Nua,28.043880,75.271890
Nuahata,20.835860,85.234110
Nuapatna,20.446230,85.469050
Nuh,28.102960,77.001440
Numaligarh,26.622490,93.722250
Numaligarh Refinery Township,26.588520,93.744260
Nurmahal,31.096620,75.593860
Nurpur Kalan,31.166670,76.483330
Nurpur_Bihar,25.424050,86.043530
Nurpur_Himachal_Pradesh,32.301500,75.884810
Nurpur_Uttar_Pradesh,29.149560,78.408400
Nuvem,15.317380,73.938730
Nuzvid,16.788540,80.845930
Nyamti,14.148690,75.576410
O.C.L. Industrial Township,22.205560,84.591640
Obra_Bihar,24.891030,84.374230
Obra_Uttar_Pradesh,24.418630,82.987970
Ochira,9.134780,76.511690
Od,22.621040,73.117250
Odagaon,20.016250,84.987190
Odaipatti,9.832310,77.443290
Odaiyakulam,10.567890,76.910470
Oddanchathiram,10.480130,77.749770
Odlabari,26.836440,88.629430
Odugattur,12.767930,78.883040
Oinam,24.688960,93.812920
Ojwah,28.569380,76.908400
Okha,22.467560,69.070020
Okni,24.000110,85.354770
Olagadam,11.565580,77.642840
Olavanna,11.218360,75.832480
Olpad,21.336490,72.751610
Omalur,11.740990,78.045590
Omkareshwar,22.242450,76.150440
Onda,15.556350,74.058480
Ongallur-I,10.802680,76.218550
Ongallur-II,10.789740,76.218980
Ongole,15.503570,80.044540
Ooty,11.413400,76.695210
Orai,25.990230,79.453340
Oran,25.368820,80.742300
Orathanadu,10.623240,79.254940
Orchha,25.351920,78.640330
Ordnance Factory Itarsi,22.573300,77.865290
Orgao,15.513970,73.959390
Orikkai,12.801640,79.711060
Orla,23.722610,85.488620
Orumanayur,10.570070,76.029120
Orvad,20.452690,72.920240
Osmania University,17.412860,78.526330
Othukkungal,11.028300,76.029030
Ottaikkalmantapam,10.882680,76.994260
Ottakkadai,9.957950,78.188630
Ottapalam,10.773500,76.377580
Ottapparai,11.178300,77.581190
Ottappatti,9.896020,78.089600
Outabgarh,28.801030,76.961630
Ovari Paravarnattam,8.277410,77.891460
Ozar,20.094730,73.928160
P. J. Cholapuram,10.905680,78.279240
Pachchal,12.511150,78.555240
Pachgaon,16.660240,74.227350
Pachmarhi,22.467910,78.433120
Pachor,23.709820,76.733870
Pachora,20.667270,75.353050
Pachperwa,27.512340,82.642970
Pacode,8.335200,77.213610
Padaivedu,11.440120,77.808940
Padam,33.466590,76.884880
Padampur_Odisha,20.999320,83.063250
Padampur_Rajasthan,29.708850,73.625390
Paddhari,22.436540,70.601620
Padghe,19.366950,73.175810
Padiyam,10.452600,76.103000
Padiyanallur,13.200370,80.176060
Padmabil,26.436330,89.963440
Padmanabhapuram,8.244620,77.325810
Padmapur,21.000000,83.066670
Padoli,19.999730,79.262330
Padra,22.239800,73.084510
Padrauna,26.904030,83.980870
Padri,26.164480,85.912430
Pahalgam,34.015920,75.318990
Paharpur,24.758980,84.968120
Pahasu,28.172200,78.063760
Paikpara,24.771210,87.922510
Pail,30.721310,76.060460
Painkulam,8.260230,77.173960
Paippad,9.424620,76.584810
Paithan,19.475060,75.385580
Paiyur,12.670700,79.302410
Pakala,13.449030,79.114930
Pakhanjur,20.032540,80.621090
Pakhar,27.117430,76.910910
Pakhi Khanauri,29.842740,76.113720
Pakridayal,26.562710,85.045200
Pakur,24.639250,87.842390
Pal Lahara,21.433540,85.191840
Pal_Gujarat,22.211730,70.759120
Pal_Maharashtra,21.361760,75.901250
Palachaurai,22.200280,78.659180
Palackattumala,9.743560,76.629400
Palai,9.713060,76.683310
Palaiyam,10.725610,78.135380
Palaiyampatti,9.539210,78.098430
Palaj,23.221050,72.701320
Palakkad,10.773190,76.653660
Palakkodu,12.306960,78.070220
Palakollu,16.516700,81.730000
Palakurthy,18.716530,79.381460
Palamedu,10.105010,78.113360
Palampur,32.114530,76.556810
Palangarai,11.197820,77.305830
Palani,10.450340,77.520900
Palanisettipatti,9.999760,77.464070
Palanpur,24.171280,72.438270
Palappallam,8.209460,77.247610
Palari,21.536330,82.158640
Palasa,18.772570,84.410120
Palasbari,26.123880,91.539740
Palavakkam,12.953500,80.257200
Palavansathu,12.893060,79.134450
Palayad,11.550510,75.628870
Palda,22.680040,75.893910
Palej,21.915470,73.078890
Palera,25.020130,79.228180
Palghar,19.696930,72.765430
Pali_Chhattisgarh,22.377500,82.325880
Pali_Madhya_Pradesh,23.364530,81.043740
Pali_Maharashtra,18.537970,73.222180
Pali_Rajasthan,25.772760,73.323350
Pali_Uttar_Pradesh,24.491880,78.416170
Palia Kalan,28.432050,80.581370
Palidevad,19.000600,73.133810
Palitana,21.525190,71.823090
Paliyad,22.257570,71.560240
Palkonda,18.603740,83.755680
Palladam,10.991750,77.286330
Pallappalaiyam,10.995060,77.084490
Pallappatti,10.720570,77.879510
Pallattur,10.146090,78.803090
Pallavaram,12.967960,80.150250
Palle,15.466670,74.083330
Pallevada,16.577900,81.294630
Pallichal,8.449760,77.025730
Pallikal,11.137230,75.925750
Pallikaranai,12.937700,80.215300
Pallikere,12.405980,75.039730
Pallikonda,12.905180,78.942700
Pallikunnu,11.889930,75.356520
Pallipalayam,11.365230,77.762350
Pallipattu,13.338600,79.444890
Pallippadai,11.409600,79.707440
Pallippatti,11.939900,78.401610
Pallippattu,12.478500,78.545950
Pallipuram,9.755020,76.357240
Palmaner,13.200000,78.747250
Palod,21.384650,72.958370
Paloncha,17.601840,80.705090
Paloor,8.242680,77.236450
Palsud,21.826200,74.969080
Palugal,8.353620,77.185900
Paluru,19.466670,85.133330
Paluvai,10.578260,76.055350
Palwal,28.144690,77.325460
Palwal Rural,28.145550,77.351320
Palwancha,17.581520,80.676510
Pamban,9.279040,79.210860
Pammal,12.975000,80.134720
Pampur,34.015150,74.918950
Pamuru,15.096330,79.411740
Panachikkad,9.529740,76.540620
Panagar,23.285390,79.995090
Panaikulam,9.375650,78.954020
Panakkudi,8.322000,77.577110
Panamaram,11.740140,76.073690
Panamarattuppatti,11.562030,78.164890
Panangad,10.272840,76.174750
Panapakkam,12.921020,79.566320
Panara,22.205680,78.550930
Panayattur Vadakkumbhagam,8.954570,76.618500
Panchet,23.688050,86.757360
Panchgani,17.924490,73.800800
Panchkula,30.694610,76.850400
Panchla,22.536650,88.137850
Pandamangalam,11.103310,77.967030
Pandaria,22.224950,81.409940
Pandatarai,22.187140,81.328150
Pandavarmangalam,9.153320,77.881750
Pandhana,21.698160,76.224870
Pandharkawada,20.021080,78.546280
Pandharpur,17.679240,75.330980
Pandhurna,21.595560,78.526280
Pandit Deen Dayal Upadhyaya Nagar,25.283070,83.119680
Pandoh,31.669020,77.053590
Pandua,23.074920,88.286370
Pangala,13.250000,74.750000
Pangin,28.210220,94.988730
Panhala,16.812100,74.110070
Panihati,22.690890,88.374040
Panipat,29.387470,76.968250
Panipat Taraf Ansar,29.412230,76.954700
Panipat Taraf Makhdum Zadgan,29.416070,76.988310
Panipat Taraf Rajputan,29.360890,76.942580
Panisagar,24.254530,92.148600
Panjim,15.495740,73.826240
Pankhedi,23.347110,76.836310
Panna,24.720940,80.187720
Pannaikadu,10.279280,77.628490
Pannaipuram,9.865810,77.283570
Panniyannur,11.748590,75.575580
Panoor,11.759380,75.578350
Panpuli,9.021400,77.250180
Panrra,23.800240,86.722750
Panruti,11.776620,79.552690
Pansemal,21.659810,74.699370
Panth Piplia,24.195110,75.006030
Pantheeramkavu,11.230520,75.851780
Panvel,18.988780,73.110130
Paonta Sahib,30.436660,77.624620
Papampeta,14.685530,77.578000
Papanasam,10.926870,79.270560
Paparhahandi,19.333330,82.516670
Papireddippatti,11.917740,78.368650
Pappakurichchi,10.813660,78.748130
Papparapatti,12.220860,78.059200
Pappinissheri,11.956550,75.340340
Pappinivattom,10.293720,76.158350
Paprawat,28.588180,76.978850
Par,24.207260,78.150470
Parabada,23.597740,72.949010
Paradip Garh,20.316410,86.608500
Parakad,10.500490,76.154030
Paralakhemundi,18.776190,84.095040
Paralam,10.459080,76.194180
Paramagudi,9.546330,78.590700
Paramathi Velur,11.191600,77.956300
Paramati,11.154360,78.021340
Paranda,18.263210,75.463160
Parangipettai,11.491170,79.760530
Parappukkara,10.400530,76.249320
Parappur,11.012130,75.994710
Parasgaon,19.862240,81.640410
Parasia,22.191300,78.759040
Parassala,8.338690,77.154220
Paratdiha,24.163800,86.307000
Paravai,9.964530,78.066700
Paravur Tekkumbhagam,8.794700,76.667980
Parbatipur,22.662500,88.222220
Parbhani,19.268550,76.770810
Pardi,20.508700,72.945690
Pardi Kanade,21.093920,72.877380
Pardi Parnera,20.570890,72.950600
Pardi Sondhpur,20.619920,72.940050
Pareo,25.558190,84.801700
Paria,25.281170,86.580620
Parichha,25.507890,78.759540
Parichhatgarh,28.978410,77.934220
Pariswani,34.060200,74.486000
Pariyapuram,11.016670,75.866670
Pariyaram,12.058760,75.324760
Parli Vaijnath,18.850570,76.531630
Parlli Part,26.099490,91.540260
Parnera,20.561010,72.948460
Parol,32.345980,75.434410
Parola,20.880980,75.119370
Parpori,21.586900,81.207830
Parshadepur,26.073540,81.492070
Partabpur_Chhattisgarh,23.485140,83.210060
Partabpur_Madhya_Pradesh,21.834260,75.637280
Partapur,23.592760,74.173960
Partibanur,9.585500,78.454520
Partur,19.599250,76.215410
Parur,10.147700,76.230000
Parva I,22.085560,92.646580
Parvatipuram,18.783920,83.425690
Parvatsar,26.886040,74.766020
Parwanoo,30.837160,76.961430
Parxem,15.675120,73.779910
Pasan_Chhattisgarh,22.844120,82.198230
Pasan_Madhya_Pradesh,23.164850,81.928590
Pasaur,28.572920,76.775880
Pasighat,28.066310,95.326780
Pasthal,19.820180,72.729590
Pasur,11.230420,77.860710
Pat,23.540870,75.916900
Pataliputra Housing Colony,25.626790,85.107110
patamda,24.300000,85.416670
Patamundai,20.578060,86.560630
Patan_Chhattisgarh,21.033330,81.533330
Patan_Gujarat,23.850700,72.129630
Patan_Madhya_Pradesh,23.286360,79.689620
Patan_Maharashtra,17.375130,73.901430
Patancheru,17.533340,78.264500
Pataudi,28.325470,76.778580
Patdi,23.196020,71.791710
Patha Deosar,33.634010,75.071860
Pathalgaon,22.556560,83.463550
Pathanamthitta,9.266670,76.783330
Pathankot,32.274840,75.652870
Pathar,19.642130,85.167360
Pathardi,19.172790,75.174250
Pathardih,23.665800,86.431660
Patharia_Chhattisgarh,22.018470,81.835120
Patharia_Madhya_Pradesh,23.899210,79.193930
Pathirappally,9.535390,76.322050
Pathri,19.258800,76.434120
Pathsala,26.511430,91.180170
Patiala,30.336250,76.392200
Patiali,27.690860,78.998230
Patiriyat,11.848960,75.514730
Patna,25.594080,85.135630
Patnagarh,20.708330,83.132630
Patpat,22.840650,85.809870
Patra,24.969550,87.842320
Patran,29.957700,76.048600
Patrapur,19.131980,84.570360
Patrasaer,23.196970,87.533190
Patratu,23.665050,85.303530
Patrodih,24.158420,86.317130
Patsoi,24.785990,93.880220
Pattamadai,8.672580,77.584470
Pattambi,10.800050,76.184080
Pattan,34.161250,74.556340
Pattanam_Tamil_Nadu,10.980840,77.054190
Patti_Punjab,31.280920,74.858490
Patti_Uttar_Pradesh,25.921500,82.200480
Pattiyurgramam,9.177440,76.501150
Pattukkottai,10.423580,79.319490
Pattyam,11.792960,75.564100
Patuli,23.552860,88.264730
Patur,20.460930,76.937250
Patuvilayi,11.865610,75.523270
Pauri,30.152860,78.777100
Pavali,9.602260,77.921280
Pavaratti,10.564780,76.062490
Pavugada,14.099530,77.280180
Pavuluru,15.852920,80.164680
Pawai,24.266350,80.161960
Pawayan,28.066260,80.103050
Pawni,20.792290,79.636440
Pay,24.899820,79.888490
Payakaraopeta,17.367840,82.568260
Payyanur,12.093500,75.202490
Pazhanji,10.688230,76.053090
Pedana,16.255820,81.143780
Pedappai,12.885370,80.022050
Pedda bhogili,18.661200,83.378400
pedda nakkalapalem,15.866800,80.162020
Peddaboddepalle,17.660640,82.629570
Peddanayakkanpalaiyam,11.651040,78.508720
Peddapalli,18.613570,79.374420
Peddapuram,17.077010,82.138360
Peddikuppam,13.441010,80.121750
Pehladpur Bangar,28.750580,77.081000
Pehowa,29.978970,76.582490
Pelawal,24.015820,85.337870
Pen,18.737340,73.096030
Pendra,22.775480,81.959680
Penha de Franca,15.517050,73.835370
Pennadam,11.403890,79.241560
Pennagaram,12.134330,77.895250
Pennathur_Tamil_Nadu,12.246810,79.225920
Penugonda,16.653630,81.745500
Penukonda,14.082860,77.594730
Peragam,10.598850,76.024020
Peraiyur,9.735790,77.789550
Peralam,10.962850,79.660820
Peralassery,11.832230,75.482520
Peramangalam,10.573290,76.168900
Perambalur,11.233330,78.883330
Peranamallur,12.570520,79.433320
Peranampattu,12.934300,78.718900
Peravurani,10.290350,79.201560
Peringandur,10.624570,76.198790
Peringathur,11.713700,75.585990
Peringottupulam,11.026820,76.098700
Perinjanam,10.313280,76.148470
Perintalmanna,10.977240,76.225410
Periya Semur,11.360880,77.689520
Periyagaram,12.489410,78.518060
Periyakkurichchi,11.540040,79.489430
Periyakoduveri,11.477810,77.298980
Periyakottai,10.590950,77.279670
Periyakulam,10.122680,77.543720
Periyanayakkanpalaiyam,11.152550,76.951590
Periyanegamam,10.743170,77.102960
Periyapatti_Tamil_Nadu,11.205160,78.151180
Periyapattinam,9.272630,78.902320
Pernem,15.723000,73.795110
Perole,12.257290,75.139300
Perumagalur,10.197780,79.191740
Perumanallur,11.205030,77.358890
Perumanna,11.252900,75.890590
Perumbaikad,9.618270,76.531270
Perumbakkam,13.039490,79.813270
Perumbavoor,10.106950,76.473660
Perumpandi,10.968680,79.374350
Perumpavur,10.115440,76.476110
Perunad,8.948990,76.642740
Perundurai,11.275640,77.587940
Perungudi,12.960950,80.240940
Perungulam,8.641330,77.998470
Perunkalattu,12.918230,80.082450
Perur_Andhra_Pradesh,13.618830,79.382550
Perur_Tamil_Nadu,10.975190,76.912920
Peruvallur,11.104830,75.932690
Peruvila,8.185490,77.396120
Perya,11.833340,75.854080
Pethapur,23.263070,72.673860
Petlad,22.476810,72.799950
Petlawad,23.011020,74.797720
Petro-Chemical Complex INA,22.375490,73.118120
Pettampalaiyam,11.349900,77.570580
Pfutsero,25.570360,94.298280
Phagwara,31.224520,75.773870
Phalauda,29.188240,77.829960
Phalodi,27.131020,72.368260
Phaltan,17.991130,74.431770
Phaphund,26.598880,79.464370
Phariha,27.321660,78.472670
Phek,25.666670,94.500000
Pherzawl,24.262270,93.188730
Phillaur,31.018870,75.791110
Phirangipuram,16.290780,80.262330
Phulbani,20.481010,84.230630
Phulera,26.874010,75.241710
Phulpur_Uttar_Pradesh,25.548950,82.089500
Phulwari Sharif,25.577650,85.072460
Phulwartanr,23.773030,86.232070
Phup Kalan,26.644540,78.873590
Phusro,23.756440,86.005100
Pichor,25.175550,78.188630
Piduguralla,16.479260,79.886320
Pihani,27.619870,80.203430
Pilani,28.367250,75.603520
Pilerne,15.533530,73.795330
Pileru,13.655840,78.938540
Pilibangan,29.449640,74.100930
Pilibhit,28.631240,79.804360
Pilikodu,12.191540,75.164430
Pilkhua,28.712710,77.656000
Pillanallur,11.432150,78.133400
Pimpalgaon_Maharashtra,20.412800,78.128180
Pimpalkhuta,20.014530,76.499910
Pimpri,18.622920,73.806960
Pimpri-Chinchwad,18.618670,73.803750
Pinahat,26.884870,78.376470
Pinarayi,11.804900,75.481000
Pindrai,22.520540,80.038070
Pindwara,24.797490,73.055050
Pingawan,27.895900,77.102200
Pinjaur,30.798730,76.918220
Pipalibari,26.376510,91.335740
Pipalkoti,30.425530,79.430660
Pipalrawan,23.162520,76.470440
Pipar,26.384410,73.543940
Piparia_Chhattisgarh,22.002410,81.326030
Piparia_Madhya_Pradesh,22.757030,78.354990
Pipavav Bandar,20.972650,71.558220
Pipili,20.113570,85.831470
Pipla,21.590710,78.734940
Piploda_Madhya_Pradesh,23.607320,74.941980
Piplya Kumar,22.768500,75.912140
Pipodara,21.360520,72.959770
Pippara,16.716670,81.550000
Pipraich,26.827450,83.526320
Pipri_Madhya_Pradesh,22.063260,75.400860
Pipri_Maharashtra,20.786130,78.593600
Pirangut,18.508400,73.689240
Piranvadi,15.802020,74.480120
Piravam,9.866670,76.500000
Pirawa,24.155060,76.027280
Pirayiri,10.765230,76.631780
Piriapara,22.970590,82.700390
Piriyapatna,12.334970,76.100730
Piro,25.332180,84.404540
Pirthipur,25.208370,78.751580
Pirzadaguda,17.394550,78.590470
Pitampura,28.689640,77.131260
Pithampur,22.601970,75.696490
Pithapuram,17.116800,82.252840
Pithora,21.250210,82.517070
Pithoragarh,29.583490,80.209470
Pittal,19.532210,84.729830
Pituk,34.139080,77.536040
Pochampalli,17.349170,78.822780
Podaturpet,13.281690,79.485380
Podili,15.606390,79.614890
Pokaran,26.920070,71.916310
Poladpur,17.984240,73.464430
Polaia Kalan,23.211890,76.552860
Polasara,19.693860,84.814010
Polavaram,17.247540,81.643720
Polichalur,12.989130,80.141770
Pollachi,10.658250,77.008500
Polur,12.512170,79.124050
Ponda,15.403410,74.015190
Pondarkanali,23.770180,86.351640
Ponduru,18.349570,83.756490
Ponmana_Kerala,9.007980,76.520230
Ponmana_Tamil_Nadu,8.355250,77.328300
Ponmundam,10.953560,75.946800
Ponnamaravati,10.280320,78.536010
Ponnampatti,10.366770,78.395530
Ponnampet,12.144730,75.945140
Ponnani,10.766950,75.925230
Ponneri,13.338680,80.194870
Ponnur,16.071140,80.549440
Ponnuru,16.065470,80.552030
Poomangalam,10.311270,76.192860
Poonamalle,13.048880,80.114880
Poranki,16.477710,80.707550
Porathissery,10.376380,76.201490
Porbandar,21.642190,69.609290
Porkolam,10.676790,76.069360
Porsa,26.674440,78.370810
Port Blair,11.666130,92.746350
Porur,13.035650,80.158210
Potreddipalli,17.588030,78.079840
Pottaneri Nallakavundanpatti,11.803880,77.856730
Pottanur,11.109830,77.988830
Pottor,10.579140,76.202570
Powai,19.116400,72.904710
Poyya,10.209890,76.255080
Prantij,23.436050,72.844790
Prasadampadu,16.612240,80.684430
Pratap Singhwala,30.928240,75.778600
Pratapgarh_Rajasthan,24.032150,74.781620
Pratapgarh_Uttar_Pradesh,25.895090,81.942400
Pratapsasan,20.204550,85.871720
Prayagraj,25.444780,81.843220
Priol,15.416670,73.983330
Prisal,33.755810,75.042110
Proddatur,14.750200,78.548130
Prothrapur,11.617970,92.724420
Pub - Dhaniram Pather,26.013770,92.871660
Puderiyur,8.215220,77.433590
Pudu,12.866670,74.967260
Puducherry,11.933810,79.829790
Pudukkottai_Tamil_Nadu,10.381280,78.821410
Pudunagaram,10.680180,76.683630
Pudupalayam,12.361970,78.877610
Pudupattanam,12.508550,80.149760
Puduppatti_Tamil_Nadu,9.765750,77.306530
Pudur_Tamil_Nadu,11.436000,77.676030
Pudusseri,10.758240,76.785940
Pudussery West,10.788020,76.727880
Puduvayal_Tamil_Nadu,10.103380,78.846240
Pugalur,11.074010,78.020950
Pugalur Agraharam,11.088320,78.006470
Pujali,22.467870,88.145240
Pukhrayan,26.223750,79.837390
Pukkod,10.623630,76.042620
Pul Pehlad,28.499380,77.291040
Pulakkod,11.309750,75.949950
Pulambadi,11.412390,78.714110
Pulampatti,11.657330,77.765840
Pulangudi,10.726650,78.807310
Pulankinar,10.591460,77.197210
Pulgaon,20.722040,78.320560
Pulivendla,14.421390,78.225020
Puliyankannu,12.939220,79.307870
Puliyankudi,9.174890,77.397990
Puliyoorsalai,8.419660,77.197160
Puliyur_Tamil_Nadu,10.949910,78.145300
Pullambadi,10.941100,78.910410
Pullur,10.345040,76.244460
Puluvappatti,10.963030,76.815770
Pulwama,33.874050,74.899550
Punahana,27.863710,77.204320
Punalur,9.019560,76.922610
Punasa,22.235070,76.393350
Punch,33.770330,74.092540
Pundri,29.760960,76.560340
Pune,18.519570,73.855350
Punganuru,13.366720,78.571860
Punjai Puliyampatti,11.351630,77.166710
Punnayur,10.652070,75.995120
Pupri,26.470790,85.703110
Puraini,25.142570,86.979670
Puranattukara,10.545320,76.152250
Puranpur,28.512830,80.148290
Puravachcheri,10.756940,79.822280
Puri,19.798250,85.824940
Purihasa,22.744530,86.192970
Purna,19.181700,77.025660
Purne,19.258650,73.026900
Purnia,25.778950,87.474220
Puruliya,23.330620,86.363030
Purushottampur,19.520240,84.885140
Purwa,26.457560,80.774030
Pusad,19.912740,77.578380
Pusaur,21.753860,83.382310
Pushkar,26.490220,74.552110
Puth Kalan,28.711600,77.078870
Puth Khurd,28.770010,77.049440
Puthencruz,9.977340,76.410470
Puthenvelikara,10.185110,76.245370
Puthukkad,10.417710,76.270140
Puthukkadai,8.275850,77.179320
Puthuppally,9.557520,76.574830
Puthuppariyaram,10.813140,76.628690
Puthur,10.487400,76.279290
Puttalam,8.098070,77.464000
Puttankulam,8.813800,76.717910
Puttantura,8.102650,77.418780
Puttaparthi,14.165200,77.811700
Puttur_Andhra_Pradesh,13.441890,79.553140
Puttur_Karnataka,12.759750,75.201690
Puvalur,10.898630,78.830330
Puvatuparamba,11.271000,75.889450
Puzhakkal,10.547080,76.177680
Puzhal,13.164750,80.203850
Puzhathi,11.901120,75.389240
Pyala,28.266300,77.312430
Qadian,31.821980,75.376630
Qazigund,33.638280,75.142610
Quepem,15.212800,74.077200
Queula,15.390110,73.985570
Quimoh,33.721540,75.085620
Quthbullapur,17.501070,78.458180
R.S. Pora,32.605910,74.733400
Rabkavi,16.475670,75.110600
Rabkavi-Banhatti,16.470000,75.120000
Rabupura,28.251530,77.602530
Radaur,30.027060,77.151770
Radhakishorenagar,23.867570,91.342670
Radhakishorepur,23.536820,91.491520
Radhakund,27.524320,77.491010
Radhanpur,23.832380,71.604700
Raebareli,26.230900,81.233150
Rafiganj,24.817570,84.634450
Raga,27.799310,94.074260
Raghogarh,24.443180,77.197680
Raghudebbati,22.525560,88.195830
Raghunandanpur,24.650760,87.972770
Raghunathpur_Bihar,25.644920,87.917620
Raghunathpur_West_Bengal,23.538780,86.673500
Raghunathpuram,17.677090,78.962340
Raha,26.233330,92.516670
Rahanal,19.270400,73.027240
Rahata,19.716640,74.481090
Rahatgarh,23.789680,78.394730
Rahimatpur,17.592100,74.199660
Rahon,31.052750,76.119070
Rahud,21.812610,82.506290
Rahuri,19.390690,74.649790
Raia,15.304990,73.970960
Raichur,16.205460,77.355670
Raiganj,25.612810,88.124490
Raigarh,21.897640,83.396600
Raighar,19.887790,82.071770
Raikot,30.650000,75.600000
Rail,30.998990,76.467590
Raipur Domana,32.798440,74.782650
Raipur Rani,30.585600,77.021770
Raipur Rasulpur,31.401550,75.594340
Raipur_Chhattisgarh,21.233330,81.633330
Raipur_Rajasthan,26.042590,74.023730
Raipur_Uttarakhand,30.310970,78.089790
Rairangpur,22.266750,86.173850
Raisen,23.330330,77.781100
Raisinghnagar,29.535830,73.449170
Raiwala Bara,30.018640,78.229300
Raj Pur Khurd,28.494450,77.190830
Raj-Nandgaon,21.096870,81.028900
Raja Pur Khurd,28.635170,77.033030
Raja Ranapur,20.061680,85.343640
Raja Sansi,31.720210,74.800800
Rajabhita,23.866670,86.333330
Rajakhera,26.898020,78.171000
Rajakheri,23.859310,78.785200
Rajakilpakkam,12.919440,80.169720
Rajaldesar,28.028490,74.474420
Rajamahendravaram,17.005170,81.777840
Rajaori,33.375260,74.309200
Rajapalayam,9.452960,77.553350
Rajapur_Maharashtra,16.656790,73.517010
Rajapur_Uttar_Pradesh,25.389000,81.145000
Rajasingamangalam,9.635740,78.846130
Rajauli,24.644860,85.500280
Rajgamar,22.381970,82.832980
Rajgangpur,22.200000,84.583000
Rajgarh_Himachal_Pradesh,30.851420,77.300660
Rajgarh_Madhya_Pradesh,24.008260,76.732500
Rajgarh_Rajasthan,28.642010,75.386120
Rajgir,25.028280,85.420790
Rajgurunagar,18.866670,73.900000
Rajim,20.963510,81.879940
Rajkot,22.291610,70.793220
Rajmahal,25.053030,87.830480
Rajnagar,24.889290,79.911780
Rajopatti urf Kota Bazar,26.584060,85.505060
Rajpipla,21.866670,73.500000
Rajpur,21.940220,75.136080
Rajpur Sonarpur,22.438200,88.432050
Rajpura,30.478560,76.592840
Rajsamand,25.071450,73.879800
Rajula,21.038540,71.443450
Rajur,20.110870,78.893110
Rajura,19.779470,79.364590
Rakh Gadi Garh,32.669230,74.838870
Rakhabh Dev,24.075640,73.693040
Rakholi,20.216670,73.033330
Rakkiyapalaiyam,11.106070,76.942530
Ram Das,31.967390,74.908700
Ramachandrapuram,16.836360,82.028710
Ramachandrapuran,17.512580,78.288540
Ramachettipalaiyam,10.958180,76.920130
Ramagiri Udayagiri,19.160390,84.142650
Ramagundam,18.755000,79.474000
Ramalingapuram,9.402780,77.577260
Ramamangalam,9.933330,76.500000
Raman,29.950450,74.978520
Ramanapeta,17.289410,79.094170
Ramanathapuram,9.371580,78.830770
Ramanattukara,11.178020,75.868920
Ramanayyapeta,16.945160,82.238500
Ramanuj Ganj,23.806370,83.699810
Ramapuram_Andhra_Pradesh,13.100910,79.184100
Ramapuram_Tamil_Nadu,13.031790,80.182430
Ramavarappadu,16.520860,80.680780
Ramban,33.242780,75.235130
Rambha,19.516670,85.100000
Ramdurg,15.945790,75.297850
Rameswaram_Andhra_Pradesh,14.740060,78.542590
Rameswaram_Tamil_Nadu,9.288500,79.312710
Ramganj Mandi,24.646480,75.943250
Ramgarh_Bihar,25.288930,83.653550
Ramgarh_Haryana,30.648660,76.889010
Ramgarh_Jammu_and_Kashmir,32.508400,74.964490
Ramgarh_Jharkhand,23.630300,85.521560
Ramgarh_Madhya_Pradesh,25.890560,78.329250
Ramgarh_Odisha,20.562560,85.991120
Ramgarh_Rajasthan,28.170960,74.979730
Ramgundam,18.800840,79.452060
Ramjibanpur,22.828150,87.608880
Ramkola,26.901720,83.837580
Ramnagar_Bihar,27.163710,84.323420
Ramnagar_Jammu_and_Kashmir,32.807280,75.311190
Ramnagar_Uttar_Pradesh,25.269070,83.029710
Ramnagar_Uttarakhand,29.392500,79.128300
Ramnagar_West_Bengal,22.777780,88.246390
Rampachodavaram,17.440880,81.775580
Rampur Hat,24.177370,87.782750
Rampur_Himachal_Pradesh,31.449430,77.630870
Rampur_Madhya_Pradesh,24.502490,81.055160
Rampur_Odisha,21.073510,84.340950
Rampur_Uttar_Pradesh,28.810140,79.026990
Rampura Phul,30.275630,75.242530
Rampura_Haryana,28.190260,76.601500
Rampura_Madhya_Pradesh,24.467000,75.439960
Rampura_Punjab,30.256000,75.241160
Rampura_Uttar_Pradesh,26.349670,79.182340
Ramtek,21.395620,79.327250
Ran,22.178610,69.333120
Ranaghat,23.176230,88.566670
Ranapur,22.647040,74.521180
Ranavav,21.687340,69.744850
Ranchi,23.343160,85.309400
Ranebennur,14.622390,75.629510
Rangapahar,25.855710,93.705160
Rangapara,26.837720,92.668760
Rangapuram,13.144830,79.397680
Rangat,12.505950,92.915500
Rangia,26.449310,91.613560
Rangpo,27.177330,88.533580
Rani,25.350310,73.308850
Rani Khera,28.706040,77.025840
Rania,29.524540,74.836890
Raniganj_Telangana,17.428410,78.493610
Raniganj_West_Bengal,23.616400,87.130610
Ranikhet,29.640820,79.432290
Ranipet,12.924710,79.333310
Ranipur_Madhya_Pradesh,22.576100,77.976680
Ranipur_Uttar_Pradesh,25.250340,79.062040
Ranir Bazar,23.834630,91.366140
Ranjangaon S,19.844040,75.214820
Ranoli,22.400730,73.135390
Ranpur,22.351610,71.711790
Rapar,23.572670,70.647180
Ras,26.305770,74.195250
Rasapudipalem,17.733080,83.316220
Rasikpur,24.285460,87.253790
Rasipuram,11.460090,78.186350
Rasra,25.857600,83.854870
Rasulabad,26.744910,80.490120
Ratangarh_Madhya_Pradesh,24.816670,75.116670
Ratangarh_Rajasthan,28.081370,74.618540
Ratannagar,28.213370,74.955210
Ratanpur,22.286600,82.168230
Rath,25.594740,79.566600
Rathian,32.895300,75.130820
Ratia,29.690290,75.576880
Ratlam,23.330330,75.040320
Ratnagiri,16.991540,73.310220
Ratnapuram,18.628270,79.551660
Ratnu Chak,32.666680,74.926680
Ratu,23.420450,85.214590
Raurkela Industrial Township,22.199940,84.861760
Raval,21.919080,69.481790
Ravapara,22.795570,70.825750
Raver,21.247570,76.035090
Ravu,22.637270,75.814740
Rawalsar,31.631370,76.834610
Rawan,21.684050,82.087410
Rawatbhata,24.929810,75.592090
Rawatsar,29.267240,74.402880
Raxaul,26.979820,84.850650
Ray,23.684300,85.054570
Raya_Punjab,31.542350,75.235680
Raya_Uttar_Pradesh,27.556070,77.789720
Rayachoti,14.057230,78.750560
Rayadrug,14.699710,76.852410
Rayagada,19.171320,83.414280
Rayagiri,9.303730,77.447530
Raybag,16.491780,74.773910
Razam,18.449090,83.659570
Razampeta,14.195440,79.158960
Razole,16.476080,81.839120
Red,16.998820,74.151510
Reddipalaiyam,13.107780,80.120560
Reddivaripalle,13.603100,79.046600
Reengus,27.363600,75.568380
Rees,18.895400,73.200040
Reethapuram,8.184300,77.248050
Rehambal,32.897550,75.068310
Rehli,23.637220,79.062750
Rehti,22.737810,77.433990
Reis Magos,15.507610,73.809720
Rekurti,18.468860,79.111880
Reliance Complex,22.343990,69.858990
Religara,23.712850,85.360950
Remuna,21.527980,86.871560
Rengali_Odisha,21.646020,84.053110
Rengte,24.481150,92.758580
Renigunta,13.651430,79.512560
Renukut,24.216410,83.035800
Renwal,27.157670,75.358080
Reodhar,24.619700,72.526200
Reoti,25.850910,84.377800
Repalle,16.018400,80.829580
Rerma,24.037160,84.081760
Resubelpara,25.904040,90.607470
Revadanda,18.553630,72.925590
Revelganj,25.789760,84.635960
Rewa,24.532560,81.292340
Rewari,28.199000,76.618300
Rhenok,27.178210,88.646750
Riasi,33.081150,74.832420
Rib,22.120680,70.746130
Richha,28.694670,79.522840
Rid,26.701170,74.538560
Rijokri,28.513870,77.115100
Risama,21.364530,80.371080
Rishikesh,30.107780,78.292550
Rishra,22.723940,88.345630
Risod,19.976710,76.787990
Robertsganj,24.688600,83.067840
Robertsonpet,12.956290,78.275390
Roha_Gujarat,23.196460,69.270760
Roha_Maharashtra,18.436870,73.119640
Rohini,28.743220,77.067780
Rohru,31.202690,77.754840
Rohtak,28.894470,76.589170
Roing,28.143180,95.844680
Ron,15.699350,75.734080
Roorkee,29.866320,77.891180
Ropar,30.968960,76.526950
Rosera_Bihar,25.754940,86.031550
Rosera_Madhya_Pradesh,22.942060,79.214820
Roshanpura,28.600570,76.989180
Rourkela,22.224960,84.864140
Rudarpur,26.444670,83.613020
Rudraprayag,30.284670,78.983540
Rudrapur,28.980000,79.400000
Rudravati,10.874340,77.410300
Run,26.842980,73.793070
Rupa,27.204840,92.400800
Rupahi Town,26.419710,92.745630
Rupiabathan,26.405380,91.343160
Rura,26.490010,79.901080
Rurki,30.369530,76.474150
Rusera,25.753550,86.025970
S. Rayavaram,17.454600,82.806200
Sabalgarh,26.249180,77.407860
Sabathu,30.974940,76.991370
Sabathu Cantonment,30.975440,76.992090
Sabaur,25.242800,87.044650
Sabo,23.214850,81.566600
Sabroom,23.001530,91.724270
Sachin,21.087180,72.881530
Sachin INA,21.091720,72.859080
Sad,25.612680,78.245190
Sadabad,27.438180,78.037580
Sadalgi,16.558700,74.532110
Sadasivpet,17.619250,77.952630
Sadat,25.671170,83.302690
Sadatpur Gujran,28.728340,77.248170
Sadhaura,30.385410,77.221990
Sadpalli,17.209950,80.836420
Sadri,25.185550,73.452880
Sadulshahar,29.908700,74.175670
Safapur,34.260550,74.664180
Safidon,29.405960,76.670420
Safipur,26.737830,80.343500
Sagalee,27.233800,93.496540
Sagar,14.164980,75.029010
Sagauli,26.763900,84.743410
Sagbara,21.544500,73.791730
Sagwara,23.679510,74.020130
Saha,30.311900,76.977070
Sahapur,22.524440,88.166940
Saharanpur,29.967900,77.545220
Saharsa,25.874980,86.596110
Sahaspur,29.121250,78.622730
Sahaswan,28.072270,78.750820
Sahawar,27.796030,78.833730
Sahibabad Daulotpur,28.747050,77.114650
Sahibganj_Bihar,26.308310,84.926950
Sahibganj_Jharkhand,25.244250,87.634810
Sahnidih,23.781900,86.250650
Sahur,21.307890,78.215280
Saidabad,28.527830,77.289860
Saidapur,16.564440,77.264940
Saidpur_Uttar_Pradesh,25.537490,83.223780
Saidpura,25.576800,85.045360
Saiha,22.491830,92.981430
Saij,23.218300,72.522000
Sailana,23.462190,74.923180
Saint Thomas Mount,13.003340,80.196140
Sainthia,23.948260,87.680450
Sairang,23.810340,92.652260
Saitlaw,23.971870,92.574540
Saitual,23.683070,92.967120
Saiyad-ul-ajaib,28.519230,77.203520
Saja,21.666670,81.316670
Sajipanadu,12.853980,74.995720
Sakharkherda,20.205630,76.397560
Sakit,27.434630,78.779030
Sakkimangalam,9.881190,78.192450
Sakleshpur,12.941190,75.784670
Saknepalli,18.928620,79.457120
Sakoli,21.087050,79.991450
Sakri_Chhattisgarh,22.105400,82.082090
Sakri_Maharashtra,20.991040,74.314750
Saktasanala,22.787360,70.803300
Sakti,22.026620,82.960910
Salakati,26.444190,90.364050
Salamba,28.114680,77.046370
Salamedu,11.908760,79.491880
Salangaippalaiyam,11.425990,77.570740
Salaya,22.310380,69.603760
Salem,11.653760,78.155380
Saligao,15.553590,73.790360
Saligram,13.499080,74.709430
Saloh,31.105760,76.131800
Salon,26.028570,81.454030
Salpara Molandubi Pt.-I,26.028330,90.673460
Salumbar,24.135240,74.044420
Salur,18.517160,83.205480
Salvador do Mundo,15.530360,73.836290
Salvav,20.408610,72.921790
Samalapuram,11.072380,77.197960
Samalka,28.534990,77.090790
Samalkha,29.235520,77.012730
Samalkot,17.056750,82.176390
Samana,30.153950,76.198510
Samanattam,9.868240,78.146280
Samangaon,19.968300,73.875560
Samarvarni,20.256340,73.008020
Samastipur,25.862220,85.779530
Samattur,10.602700,77.014090
Samayanallur,9.979210,78.035920
Samba,32.562450,75.119930
Sambalpur,21.465270,83.975730
Sambhal,28.584980,78.569590
Sambhar,26.908060,75.191370
Sambre,15.870030,74.611420
Samburvadakara,8.998560,77.387630
Samdari,25.812990,72.578790
Sampla,28.777180,76.771650
Samrala,30.836010,76.193240
Samsikapuram,9.415620,77.591730
Samthar,25.843480,78.906830
Samurou,24.700950,93.903320
Sanand,22.992270,72.381770
Sanaswadi,18.664450,74.109390
Sanaur,30.301820,76.457860
Sanawad,22.173910,76.069930
Sanchi,23.486460,77.737800
Sanchor,24.753610,71.772800
Sancoale,15.377940,73.903520
Sandi,27.288670,79.951900
Sandila,27.069890,80.514970
Sandur,15.086130,76.546920
Sanehwal,30.841340,75.985470
Sangamner,19.567840,74.211540
Sangareddi,17.624770,78.086690
Sangaria_Rajasthan,29.798860,74.466830
Sangat Kalan,30.083440,74.841260
Sangau ?E?,22.740660,93.057230
Sangli,16.854380,74.564170
Sangmeshwar,20.549920,74.528310
Sangod,24.927070,76.286490
Sangola,17.439480,75.193790
Sangramnagar,17.891950,75.006210
Sangrampur,24.673900,87.846760
Sangrur,30.245060,75.844880
Sanguem,15.229010,74.151490
Sangvi,21.807870,75.612920
Sanivarapupeta,16.730470,81.077690
Sanivarsante,12.728240,75.886690
Sanjali,21.548270,72.990340
Sanjan,20.191650,72.818270
Sanjeli,23.058400,73.970240
Sankagiri,11.475990,77.866370
Sankaramanallur,10.481130,77.362130
Sankarankovil,9.170480,77.541070
Sankarapatti,10.047700,78.747190
Sankaraperi,8.838680,78.105130
Sankarnagar,8.796940,77.734000
Sankeshwar,16.256490,74.481950
Sankheda,22.170210,73.578200
Sankrail,22.549970,88.225150
Sanpara,26.039020,91.512740
Sanquelim,15.564220,74.007990
Sanrha,25.797870,84.750450
Sanri,23.682920,85.505770
Sansari,19.905760,73.840100
Sansarpur,31.269230,75.619950
Sansikhara,23.745530,86.343870
Santirbazar,23.312330,91.561340
Santokhgarh,31.352050,76.317750
Santokhpur Unwan,26.949320,79.113880
Santpur,24.470520,72.770300
Santrampur,23.190190,73.895260
Sanuru,13.174740,74.991730
Sanvordem,15.262690,74.119650
Sanwer,22.974150,75.827100
Sao Jose de Areal,15.254650,74.014640
Saoner,21.385100,78.921550
Saori,21.112000,79.545620
Sap,17.582930,74.232910
Sapatgram,26.337320,90.123600
Sapotra,26.292800,76.752200
Saputara,20.578430,73.750660
Saragaon,21.986510,82.755770
Sarahan,31.509880,77.793950
Sarai Akil,25.378900,81.510350
Sarai Ekdil,26.744420,79.093530
Sarai Khas,31.408980,75.511240
Sarai Mir,26.027050,82.918430
Saraikela,22.699630,85.931260
Saraipali,21.315300,83.006290
Saraiya,24.801180,84.081600
Saram,23.762540,85.830030
Saranga,20.925520,85.264030
Sarangarh,21.586140,83.078500
Sarangpore,21.635850,73.047520
Sarangpur,23.566510,76.473060
Sarapaka,17.691290,80.869980
Sarauli,28.494040,79.091770
Sarauni,24.817910,87.314040
Saravli,19.777030,72.752800
Sarbhog,26.489320,90.884260
Sardarpur,22.665530,74.977360
Sardarshahr,28.440620,74.491000
Sardhana,29.145510,77.614330
Sardulgarh,29.692240,75.236080
Sargaon,21.900860,81.977240
Sargur,11.999710,76.396110
Saria,21.640090,83.363110
Sarigam INA,20.288450,72.850290
Sarila,25.775790,79.675350
Sarimpur,25.587690,83.993330
Sarjamda,22.747590,86.225730
Sarjapur,12.859850,77.786570
Sarka Ghat,31.698870,76.735290
Sarkar Periyapalaiyam,11.131490,77.404490
Sarkhej,22.982970,72.501960
Sarna,32.263060,75.583080
Sarni,22.103170,78.171590
Sarpara,26.095490,91.518440
Sarthebari,26.362930,91.223090
Sarubera,23.818130,85.996280
Sarupathar Bengali,27.340640,95.313500
Sarupathar_Assam,26.192640,93.864130
Sarwar,26.242520,75.128750
Sasaram,24.949420,84.016450
Sasni,27.702870,78.082780
Sasti,19.818350,79.330130
Sasvad,18.343510,74.031020
Satai,24.722030,79.630980
Satakha,25.924770,94.436480
Satalkheri,24.652180,75.998260
Satana,20.594830,74.203010
Satara,17.685890,73.993330
Sater,22.570490,75.779140
Satgawan,24.548040,84.281970
Satghara,26.397720,86.167840
Sathamba,23.170510,73.328280
Sathankulam,8.441640,77.913490
Sathupalli,17.249680,80.868990
Sathyamangalam,11.505260,77.238260
Satiawala,30.927300,74.645620
Satlapur,23.113000,77.526570
Satna,24.577260,80.827190
Satrampadu,16.705910,81.073820
Satraud Kalan,29.102950,75.814740
Satraud Khurd,29.130880,75.787750
Satrikh,26.860450,81.195670
Satrod Khas,29.130760,75.791650
Sattenapalle,16.393810,80.152210
Sattiyavijayanagaram,12.675880,79.318080
Sattur,9.355920,77.924570
Satwas,22.536280,76.684520
Satyamangala,13.019270,76.124340
Saugor,23.838770,78.738740
Saunda,23.664530,85.326940
Saundatti,15.766150,75.117780
Saurikh,27.030510,79.488130
Sausar,21.655760,78.796690
Savantvadi,15.904130,73.821910
Savanur,14.973350,75.337240
Savarkundla,21.337260,71.303500
Savda,21.150540,75.889380
Savgadh,23.616460,72.949550
Savli,22.561880,73.223170
Sawa,24.758880,74.579920
Sawai Madhopur,26.023010,76.344080
Sawar,25.755740,75.222920
Sawombung,24.873620,94.013570
Sawyerpuram,8.682160,78.026510
Sayadpur,20.727900,86.400670
Sayalgudi,9.169250,78.447020
Sayan,21.319770,72.881670
Sayla,22.549250,71.483240
Sector,28.570800,77.326100
Secunderabad,17.504270,78.542630
Sedaikavundanur,11.640310,78.180620
Sedam,17.178590,77.289980
Seer Hamdan,33.788700,75.243050
Seethanagaram,17.176700,81.692500
Sehore,23.200000,77.083330
Selamba,21.517860,73.821520
Selattanpatti,11.662750,78.094600
Selu,19.455120,76.440730
Semari,24.055350,73.856870
Semarwara,23.566800,73.742700
Sembedu,13.129790,79.563400
Sembianallur,11.177310,77.241310
Semmipalaiyam,11.009260,77.235700
Senapparetti,10.962510,78.113240
Sendamangalam,11.281110,78.234160
Sendarappatti,11.437290,78.521460
Sendhwa,21.685620,75.096220
Sengmai,24.945630,93.881400
Senur,12.947020,79.107050
Seohara,29.209040,78.588370
Seondha,26.154220,78.781200
Seoni Chhapara,22.393880,79.542360
Seoni Malwa,22.450460,77.466500
Seoni_Himachal_Pradesh,31.237000,77.119000
Seoni_Madhya_Pradesh,22.085030,79.550370
Seorinarayan,21.720550,82.593440
Seota,23.667980,85.520510
Sepon,27.110680,94.849470
Seppa,27.361730,93.039910
Serchhip,23.293120,92.846790
Serilingampalle,17.493130,78.301960
Serula,15.547740,73.843290
Sethiyathope,11.436860,79.542510
Setiya,22.217090,78.844850
Settithangal,12.956520,79.337060
Settiyarpatti,9.393500,77.493480
Settur,9.405640,77.478410
Sevilimedu,12.808260,79.686360
Sevugampatti,10.198760,77.804560
Sevur,12.955490,78.853070
Sewai,23.617520,85.678320
Shadipur Julana,29.123680,76.405160
Shafi Pur Ranhola,28.657290,77.040010
Shahabad_Haryana,30.167760,76.870460
Shahabad_Karnataka,17.130700,76.943610
Shahabad_Uttar_Pradesh,27.643100,79.940200
Shahada,21.545380,74.471060
Shahapur,19.452310,73.325720
Shahbazpur,26.305110,87.288650
Shahdara,28.603110,77.139880
Shahdol,23.293560,81.361900
Shahganj,26.049650,82.684230
Shahgarh,24.313650,79.118060
Shahi,28.550230,79.317610
Shahjahanpur,27.997360,76.449140
Shahjangi,25.231420,86.954320
Shahjanpur,27.881650,79.909180
Shahkot,31.081730,75.337080
Shahmirpet,17.594550,78.574930
Shahpur_Bihar,25.602930,84.404120
Shahpur_Gujarat,22.156110,70.770680
Shahpur_Jharkhand,24.031250,84.054280
Shahpur_Karnataka,16.696050,76.842200
Shahpur_Madhya_Pradesh,21.237420,76.225580
Shahpur_Uttar_Pradesh,29.350100,77.551600
Shahpura_Madhya_Pradesh,23.136630,79.664020
Shahpura_Rajasthan,27.391200,75.959560
Shahuwadi,16.909930,73.946540
Shajapur,23.426370,76.277750
Shakar,31.972040,75.063820
Shakar Pur Baramad,28.620810,77.279380
Shaktinagar_Gujarat,22.199610,69.659150
Shaktinagar_Karnataka,16.364910,77.358630
Sham Churasi,31.500280,75.749170
Shamgarh,24.188170,75.639030
Shamli,29.449700,77.309590
Shamsabad_Madhya_Pradesh,23.814950,77.495670
Shamsabad_Uttar_Pradesh,27.017180,78.123580
Shamshabad,17.251860,78.418350
Shamshi,31.866410,77.147200
Shangus,33.696860,75.283660
Shankar,31.148100,75.532340
Shankargarh,25.182000,81.617690
Shankrampet,18.049310,77.914180
Shantipur,23.247230,88.433020
Sharakpur,31.140610,75.507620
Shegaon,20.793200,76.699210
Shehera,22.950840,73.631180
Sheikhpura,25.139940,85.840960
Shekhpura,26.143870,85.390710
Shelar,19.322160,73.067700
Shella,25.178610,91.639520
Shendurjana,21.524880,78.283500
Shenkottai,8.977410,77.246330
Sheoganj,25.139150,73.067840
Sheohar,26.513930,85.293410
Sheopur,25.664720,76.696160
Sheragada,19.513010,84.604080
Shergarh,28.651280,79.368150
Sherghati,24.559500,84.791620
Sherkot,29.327040,78.574290
Sherpura,21.714260,72.971720
Shertallai,9.685810,76.339960
Shi Yomi,28.529990,94.373220
Shiggaon,14.990530,75.224990
Shikaripura,14.269800,75.356430
Shikarpur,28.280720,78.014110
Shikohabad,27.108000,78.586610
Shillong,25.568920,91.883130
Shimla,31.104420,77.166620
Shiraguppi,16.618750,74.709070
Shiravagilu,12.549210,74.987590
Shirdi,19.766160,74.477380
Shirgaon,19.695890,72.715270
Shirhatti,15.233520,75.579960
Shiriya,12.633370,74.930810
Shirpur,21.348210,74.880350
Shirud,20.735270,74.891870
Shirwal,18.150590,73.977880
Shishgarh,28.729280,79.314690
Shitlu,34.236850,74.350990
Shivaji Nagar_Maharashtra,18.530170,73.852630
Shivamogga,13.931570,75.567910
Shivani Pisa,20.095500,76.452950
Shivatkar,18.101570,74.214190
Shivnandanpur,23.190250,82.953180
Shivpur Charcha,23.328880,82.528090
Shivpuri,25.423780,77.662230
Shivrajpur,22.423190,73.608650
Sholapur,17.671520,75.910440
Sholavandan,10.021600,77.960870
Sholinganallur,12.889960,80.231270
Sholinghur,13.118100,79.420250
Sholur,11.485150,76.655570
Shopian,33.717230,74.834130
Shoranur,10.761810,76.270780
Shorapur,16.521000,76.757380
Shrigonda,18.615270,74.698950
Shrirampur_Maharashtra,19.622010,74.656990
Shrirampur_West_Bengal,22.752780,88.342220
Shrirangapattana,12.422640,76.684390
Shrivardhan,18.053180,73.001100
Shuganu,24.295460,93.873720
Shujalpur,23.406730,76.709800
Shyamnagar,22.833330,88.366670
Sialgudri,23.760550,86.351610
Siat,25.887890,73.738470
Sibsagar,26.984270,94.637840
Siddapur,14.343220,74.894000
Siddhapur,23.917830,72.372120
Siddipet,18.104830,78.848580
Sidhauli,27.282020,80.834500
Sidhi,24.403800,81.879540
Sidhpura,27.633120,78.869180
Sidlaghatta,13.388960,77.864440
Sidsar,21.718890,72.111200
Sihasa,22.702530,75.778750
Sihor,21.711340,71.961790
Sihora,23.487100,80.104040
Sijhua,23.768970,86.169070
Sijua,23.776170,86.330280
Sikandarabad,28.452260,77.700040
Sikandarpur_Haryana,29.415080,76.934160
Sikandarpur_Uttar_Pradesh,26.043270,84.052980
Sikandra,26.367220,79.629800
Sikandra Rao,27.688590,78.379850
Sikar,27.612060,75.139960
Sikhera,28.861720,77.570770
Sikhong Sekmai,24.637950,94.093440
Sikka,22.432180,69.841580
Sikkarayapuram,13.017660,80.102700
Silaiman,9.873110,78.190590
Silao,25.083580,85.428040
Silapathar,27.594410,94.724020
Silappadi,10.393970,78.007810
Silchar,24.827330,92.797870
Silchar Part-X,24.817250,92.813550
Silewara,21.291200,79.124040
Siliguri,26.710040,88.428510
Sillod,20.303030,75.652840
Siltara,21.381160,81.663780
Silvani,23.302600,78.440760
Silvassa,20.273860,72.996730
Simaluguri,26.918500,94.756840
Simaria,24.794970,81.152000
Simdega,22.615230,84.502080
Simga,21.628100,81.703760
Sindgi,16.918830,76.233680
Sindhnur,15.769830,76.755810
Sindi_Maharashtra,20.742380,78.587100
Sindkhed Raja,19.953630,76.126370
Sinduria,24.389990,83.603680
Singampunari,10.186200,78.415000
Singanallur,10.998980,77.032380
Singanuram,18.822180,79.501710
Singapperumalkovil,12.759470,80.007500
Singapur,17.469820,78.125740
Singarayakonda,15.230460,80.027940
Singarva,23.022880,72.697370
Singhana,28.099590,75.838950
Singhesar Asthan,25.982450,86.794500
Singoli,24.966670,75.300000
Singrauli,24.199730,82.675350
Singtam,27.234670,88.501680
Singur,22.809170,88.229440
Sini,22.793250,85.945430
Sinnar,19.845050,73.998660
Sinor,21.911170,73.339740
Sir Muttra,26.515010,77.372120
Sira,13.741550,76.904300
Siralkoppa,14.380700,75.250070
Sirappalli,11.454400,78.245320
Siraspur,28.758150,77.130870
Sirathu,25.642920,81.318550
Sirgitti,22.047130,82.148710
Sirgora,22.206340,78.883180
Sirhind,30.643210,76.384210
Sirka,23.645610,85.433330
Sirkazhi,11.237250,79.735850
Sirmaur,24.836480,81.364480
Sirohi,24.888380,72.847940
Sironcha,18.848310,79.963800
Sironj,24.103130,77.690550
Sirpur,19.479530,79.575580
Sirsa_Haryana,29.534890,75.028980
Sirsa_Uttar_Pradesh,25.263400,82.091900
Sirsaganj,27.057150,78.686610
Sirsi_Karnataka,14.620720,74.835540
Sirsi_Uttar_Pradesh,28.639160,78.643030
Sirsia,24.212040,86.313110
Sirsilla,18.388650,78.810480
Sirugamani,10.894960,78.530080
Siruguppa,15.630000,76.892170
Sirukalathur,12.982300,80.054920
Sirukkaveripakkam,12.853010,79.677180
Sirumugai,11.321370,77.005210
Sirur,18.827600,74.374750
Sisauli_Haryana,30.142970,77.259590
Sisauli_Uttar_Pradesh,29.413860,77.468900
Siswa Bazar,27.146520,83.758030
Sitamarhi,26.593570,85.490600
Sitamau,24.014730,75.353240
Sitapur_Chhattisgarh,22.780720,83.495450
Sitapur_Uttar_Pradesh,27.561920,80.682650
Sitarganj,28.929300,79.704360
Sithurajapuram,9.421370,77.787320
Siuliban,23.748600,86.784770
Siuri,23.908060,87.527730
Sivaganga,9.847010,78.483580
Sivagiri_Tamil_Nadu,9.344610,77.429110
Sivagirippatti,10.450150,77.530350
Sivakasi,9.449990,77.797970
Sivandipuram,8.706670,77.400050
Sivar,20.691690,77.051020
Sivni,20.688030,77.048860
Sivunipalli,17.844150,79.382240
Siwan,26.220960,84.356090
Siwana,25.651540,72.422430
Siwani,28.909090,75.614690
Soalkuchi,26.168060,91.571110
Soanpeta,18.969950,78.356270
Sogam,34.501370,74.382280
Sohagi,24.981810,81.695580
Sohagpur,22.700550,78.195220
Sohana,30.688710,76.706590
Sohela,21.301530,83.397970
Sohna,28.247370,77.065440
Sojat,25.924930,73.666330
Sojitra,22.538840,72.719840
Solakut,34.539090,74.255290
Solan,30.909080,77.108690
Solap,22.127780,88.158610
Solim,15.615210,73.767400
Solsumba,20.157490,72.789130
Somampalaiyam,11.048430,76.897300
Somandepalle,14.007740,77.608460
Someshvara,12.803510,74.864720
Someshwar,13.491120,75.066460
Sompeta,18.944190,84.584490
Somvarpet,12.596980,75.849570
Sonamukhi,23.305210,87.413360
Sonamura,23.475470,91.265900
Sonari_Assam,27.024620,95.016290
Sonegaon_Maharashtra,20.629150,78.692070
Sonepur_Bihar,25.696080,85.166690
Sonepur_Odisha,20.833330,83.916670
Songadh,21.169660,73.563570
Sonipat,28.994780,77.019370
Sonkach,22.971660,76.346670
Sonpet,19.025940,76.473940
Soolakkarai,9.536000,77.950550
Sopur,34.286710,74.472280
Sorab,14.381440,75.091830
Sorada,19.760820,84.429970
Sorala,19.130840,84.750890
Sorbhog,26.486120,90.885900
Soro,21.278510,86.688330
Soron,27.890550,78.746210
South Kannanur,10.919380,78.740120
Soyagaon,20.552500,74.506870
Soyatkalan,24.188600,76.177800
Soygaon,20.596060,75.617650
Soyibug,34.076770,74.705700
Sravana Belgola,12.857370,76.488860
Sreekaryam,8.548840,76.917160
Sri Dungargarh,28.096170,74.008680
Sri Ganganagar,29.920090,73.874960
Sri Madhopur,27.465990,75.597360
Srigobindpur,31.689450,75.477510
Srikakulam,18.298900,83.897510
Srikalahasti,13.755140,79.701430
Srikandamangalam,9.659410,76.363350
Srimushnam,11.401180,79.403840
Srinagar_Jammu_and_Kashmir,34.085650,74.805550
Srinagar_Uttarakhand,30.222430,78.783410
Sringeri,13.416980,75.252710
Srinivaspur,13.339140,78.211750
Sriperumbudur,12.967630,79.941970
Sriramnagar_Andhra_Pradesh,18.283290,83.534220
Sriramnagar_Telangana,17.266520,78.255440
Srirampur,22.948490,88.019540
Srirampura,12.254880,76.621520
Srirampuram,10.434640,77.807540
Srisailain,16.072170,78.868160
Srisailam Project RFC Township,16.073310,78.874120
Srivaikuntam,8.629310,77.912810
Srivardhan,18.045920,73.015520
Srivilliputhur,9.512720,77.633690
Srvanampatti,11.076430,77.004490
Suar,29.028410,79.056540
Subulia,20.895860,84.169340
Suchindram,8.154420,77.467040
Sudna,24.052550,84.072020
Sufipind,31.277480,75.638830
Suhagi,23.220600,79.956910
Sujangarh,27.700000,74.466670
Sujanpur,32.316250,75.607410
Suket,24.646090,76.041700
Sukhpar,23.216300,69.609110
Sukma_Chhattisgarh,18.327410,81.626210
Sulebhavi,15.895720,74.654940
Suleswaranpatti,10.638850,77.008430
Sulibele,13.184400,77.801410
Sullya,12.561000,75.387410
Sultan Pur,28.495550,77.161120
Sultan Pur Majra,28.689660,77.076480
Sultanganj,25.238310,86.735590
Sultanpur_Madhya_Pradesh,23.138120,77.934040
Sultanpur_Maharashtra,20.086950,76.518700
Sultanpur_Punjab,31.214680,75.196020
Sultanpur_Uttar_Pradesh,26.257880,82.072690
Sultanpur_Uttarakhand,29.755340,78.110340
Sulur,11.024270,77.125650
Suluru,13.700000,80.016670
Sumbal,34.230720,74.647200
Sumerganj Mandi,25.729850,76.231430
Sumerpur,25.154300,73.081570
Sunabeda,18.728400,82.829320
Sunakhala,20.166770,85.332270
Sunam,30.128830,75.799430
Sunari Kalan,28.861030,76.568980
Sundakkampalaiyam,10.566590,77.213540
Sundarapandiyam,9.612670,77.673780
Sundarapandiyanpattanam,9.841390,79.098360
Sundarnagar,31.535230,76.905000
Sunderbani,33.048410,74.488460
Sundergarh,22.116670,84.033330
Sunel,24.370650,75.957080
Suntikoppa,12.455940,75.829700
Supaul,26.115270,86.595090
Surajgarh,28.310050,75.732710
Surajpur,23.213470,82.868360
Surampatti,11.327260,77.711220
Surandai,8.975740,77.419230
Suranga,23.709020,86.460740
Surankot,33.627080,74.274680
Surappattu,13.142940,80.191750
Surat,21.195940,72.830230
Suratgarh,29.321500,73.899790
Surendranagar,22.727060,71.648560
Surgana,20.559560,73.637470
Surianwan,25.463870,82.419220
Suriapet,17.140540,79.620450
Survepalle Bit ? II,14.269370,79.961970
Suryampalaiyam,11.404450,77.712270
Suryaraopeta,16.999610,82.223170
Susner,23.946670,76.088250
Suthalia,23.995520,77.139530
Sutrapara,20.843520,70.483180
Suvani,19.133360,84.715120
Suwasra,24.069830,75.652320
Swamimalai,10.957470,79.329310
Swroop Nagar,23.827340,77.941930
Tada Khandrika,13.588550,80.033680
Tadali,20.030610,79.194430
Tadepalle,16.483330,80.600000
Tadepalligudem,16.814670,81.527170
Tadigadapa,16.471290,80.696950
Tadikarakonam,8.330160,77.414910
Tadikombu,10.439040,77.954590
Tadpatri,14.908320,78.010310
Taipi Duidam,27.291170,96.043670
Taj Pul,28.494820,77.305870
Tajpur,29.162420,78.484580
Tajpura,12.893260,79.319180
Takalghat,20.915210,78.946940
Takhatgarh,25.322350,73.004870
Takhatpur,22.129150,81.869590
Takhlibilar Pathar,26.500360,90.935240
Taki,22.588670,88.932530
Takkolam,13.016430,79.732520
Takli,20.470670,75.024360
Tal,23.719790,75.385140
Talainayar Agraharam,10.561400,79.772290
Talaiyur,11.010160,76.848960
Talaja,21.352700,72.035240
Talakkad,10.884590,75.930910
Talakkolattur,11.353660,75.757980
Talakkudi,10.873660,78.718150
Talala,21.054730,70.529030
Talattala,8.873820,76.671580
Talbahat,25.043570,78.434410
Talcher,20.949270,85.233540
Talegaon Dabhade,18.735020,73.675610
Taleigao,15.469150,73.832850
Talen,23.569490,76.728210
Talera,25.315750,75.732760
Talgram,27.047530,79.648110
Talikkulam,10.440360,76.094830
Talikota,16.473110,76.310850
Talipadi,13.066480,74.854290
Taliparamba,12.041610,75.359270
Talkhapur Dumra,26.561500,85.507370
Talni,19.881760,76.473220
Talod,23.351400,72.949990
Taloda,21.561280,74.212380
Taloje,19.085550,73.098370
Talpadi,12.766000,74.889370
Talwandi Bhai,30.855840,74.929790
Talwandi Sabo,29.983790,75.082030
Talwara_Jammu_and_Kashmir,33.104800,74.792830
Talwara_Punjab,31.937600,75.886570
Tamaraikkulam,10.108530,77.555250
Tamarakutamkudiyiruppu,8.101450,77.493700
Tambaram,12.924600,80.127070
Tamenglong,25.016400,93.485450
Tamgaon,16.648370,74.299120
Tamluk,22.300830,87.925930
Tammampatti,11.441260,78.488700
Tanakkangulam,9.887690,78.039700
Tanakpur,29.074000,80.111390
Tanalur,10.951540,75.909610
Tanda_Uttar_Pradesh,26.549530,82.658410
Tandoni,10.926110,78.094100
Tandur,17.248490,77.576980
Tangapur,16.395590,78.626580
Tangdhar,34.397900,73.859840
Tangellamudi,16.721210,81.105170
Tangi,19.933330,85.400000
Tangla,26.656930,91.913810
Tankara,22.656220,70.749450
Tanr Balidih,23.668530,86.050410
Tanuku,16.754380,81.681430
Taoru,28.211730,76.949840
Tapa,30.297940,75.369360
Taping,23.836850,85.494540
Tapukrah,28.110720,76.832700
Tar,25.395900,84.343280
Tarabha,20.732520,83.674430
Tarakeswar,22.886050,88.013630
Taramangalam,11.694030,77.970350
Tarana,23.333830,76.042530
Taranagar_Rajasthan,28.668600,75.032070
Taranagar_Tripura,23.968770,91.370810
Tarapur Pt VI,24.851590,92.766680
Tarapur VII,24.813080,92.782240
Tarapur_Bihar,25.090670,86.661970
Tarapur_Maharashtra,19.864990,72.684260
Tarichar Kalan,25.411820,78.889970
Tarikere,13.709540,75.813820
Tarlapalli,18.834480,79.490680
Tarn Taran,31.451910,74.927770
Tarsadi,21.469960,72.952100
Tarsali,22.256290,73.216700
Tasgaon,17.037000,74.601710
Tasti Tea Garden,26.648180,89.146500
Tati,23.377190,85.437910
Tato,28.527540,94.372490
Tattankuttai,11.435180,77.723690
Tattayyangarpettai,11.124170,78.449160
Tattihalli,14.984460,75.012900
Tawang Town,27.574170,91.795000
Tayikkad,10.591630,76.061120
Tazhakudi,8.234830,77.453330
Teegalpahad,18.858970,79.489220
Tegheria,26.128630,92.219430
Teghra,25.490430,85.940010
Tehri,30.390860,78.480300
Tekanpur,25.994010,78.283220
Tekari,24.942530,84.842650
Tekkalakote,15.534440,76.877030
Tekkali,18.605700,84.235460
Tekkumbagam,10.123440,76.416550
Telhara,21.026940,76.838890
Teliamura,23.841740,91.630300
Telkap,24.704770,84.009310
Tellicherry,11.748110,75.492900
Telo,23.817930,86.120930
Temanur,8.332630,77.252350
Tenambakkam,12.810220,79.734100
Tendukheda,23.396200,79.539470
Tengampudur,8.115810,77.457890
Tengnoupal,24.385500,94.147200
Teni,10.011150,77.477720
Tenkanidiyur,13.369070,74.709730
Tennala,10.993420,75.935040
Tensa,21.872790,85.171270
Tentirupperai,8.604110,77.988360
Tenu,23.725730,85.846140
Teok,26.831970,94.416510
Teonthar,24.982070,81.641940
Terdal,16.493790,75.046670
Terku Kallikulam,8.352820,77.663700
Termi,23.769980,86.062330
Terur,8.173310,77.465050
Tetra,22.871450,84.758880
Tevaram,9.896660,77.280920
Tezpur,26.633330,92.800000
Tezu,27.912560,96.128820
Thaikattussery,10.460110,76.243570
Thaikkattussery,9.771470,76.343850
Thakurdwara,29.192030,78.861450
Thakurganj,26.427420,88.131120
Than,22.574220,71.199420
Than-Khamharia,21.800490,81.338120
Thana Bhawan,29.586050,77.418110
Thandla,23.009590,74.577470
Thane,19.197040,72.963550
Thanesar,29.973230,76.832140
Thang,34.927400,76.793360
Thanganellur,10.624340,76.186000
Thanjavur,10.785230,79.139090
Thanna Mandi,33.542040,74.381000
Thanneermukkom,9.663370,76.380730
Thanniyam,10.416670,76.133330
Thara,23.973450,71.819220
Tharad,24.395970,71.625770
Tharangambadi,11.027640,79.854250
Tharial,32.354400,75.606680
Tharike,30.866690,75.781630
Thasra,22.798310,73.211740
Thazhakara,9.250210,76.567410
Thazhecode,11.322580,75.975790
Thegur,13.293680,75.770490
Thekashu Pt-I,25.983550,90.778960
Thekashu Pt.-II,25.981740,90.787580
Thekkumkara,10.281940,76.213220
Thenali,16.242530,80.639820
Thenhippalam,11.132320,75.882240
Thenkasi,8.960030,77.315250
Thenzawl,23.316670,92.750000
Theog,31.121550,77.358380
Thevur,11.523960,77.753900
Thimiri,12.828280,79.307920
Thirukattupalli,10.844310,78.956470
Thirumittacode-II,10.731740,76.160740
Thirunavaya,10.874590,75.985460
Thiruthani,13.175940,79.616370
Thiruthuraipoondi,10.528190,79.632680
Thiruvaiyaru,10.884050,79.103620
Thiruvananthapuram,8.485500,76.949240
Thiruvankulam,9.946790,76.366620
Thiruvarur,10.772690,79.636800
Thiruvidaimaruthur,10.998570,79.452270
Thodiyoor,9.077970,76.577720
Thodupuzha,9.893940,76.722160
Tholur,10.571770,76.129090
Thondamuthur,10.990820,76.841810
Thongju,24.757620,93.937380
Thoothukudi,8.767350,78.134250
Thorapadi,12.891540,79.123810
Thottada,11.838510,75.420800
Thottiyam,10.989980,78.334110
Thoubal,24.638810,93.996390
Thrissur,10.516670,76.216670
Thummalamenta,15.027650,78.023470
Thuraiyur,11.148050,78.599110
Thurayur,11.528020,75.670890
Tibri,32.003120,75.450520
Tidavur,11.493990,78.697450
Tifra,22.063120,82.131290
Tighri,28.512250,77.240830
Tihu,26.475840,91.266860
Tijara,27.934110,76.855410
Tikadi,21.257650,79.226050
Tikaitnagar,26.946120,81.565830
Tikamgarh,24.743270,78.830610
Tikarapara,19.623920,83.495430
Tikkanbankad,8.221600,77.273350
Tikkotti,11.483330,75.616670
Tikri,29.229100,77.354790
Tikri Kalan,28.683550,76.970070
Tikri Khurd,28.835390,77.119500
Tilang Pur Kotla,28.649560,77.027240
Tilda Newra,21.553240,81.801870
Tilhar,27.962820,79.738270
Tilodih,24.211810,86.247360
Tilpat,28.465130,77.332850
Timmapur,19.048400,78.641430
Timurni,22.371150,77.227400
Tindal,11.316910,77.674220
Tindivanam,12.234000,79.655510
Tindwari,25.617390,80.527180
Tingalachi,8.201010,77.303590
Tinnanur,13.114480,80.027130
Tinpahar,24.983330,87.733330
Tinsukia,27.489050,95.359920
Tipo,21.068110,85.132790
Tiptur,13.256300,76.477680
Tira Sujanpur,31.833640,76.505390
Tirawari,29.801470,76.928250
Tirkadavur,8.923980,76.591010
Tirodi,21.685220,79.719060
Tirora,21.404090,79.926170
Tirthahalli,13.688350,75.245480
Tiruchanur,13.607270,79.448640
Tiruchchendur,8.497250,78.119060
Tiruchengode,11.380160,77.894440
Tiruchirappalli,10.815500,78.696510
Tirukkalikkunram,12.607990,80.055500
Tirukkoyilur,11.966200,79.202590
Tirukurangudi,8.436460,77.565690
Tirumakudal Narsipur,12.212070,76.901800
Tirumala,13.683330,79.350000
Tirumalagiri,11.655350,78.076040
Tirumalaiyampalaiyam,10.879010,76.929540
Tirumalarajanpatnam,10.872060,79.830190
Tirumalpur,12.953540,79.677440
Tirumangalam,9.823070,77.983810
Tirumeshi,13.053390,80.059980
Tirumullaivasal,11.239960,79.837050
Tirumuruganpundi,11.164930,77.308380
Tirunageswaram,10.964640,79.429300
Tirunelveli,8.727420,77.683800
Tirupananthal,11.092330,79.452520
Tirupati,13.635510,79.419890
Tirupati NMA,13.632290,79.485680
Tirupattur,12.492390,78.568040
Tiruppalai,9.977920,78.132940
Tiruppalaikudi,9.546060,78.917210
Tirupparangunram,9.881510,78.073060
Tirupporur,12.725900,80.189540
Tiruppundurutti,10.862080,79.081490
Tiruppur,11.115410,77.354560
Tiruppuvanam,9.825640,78.257950
Tirur,10.913680,75.921180
Tirurageswaram,13.009170,80.147500
Tirurangadi,11.043160,75.923370
Tiruttangal,9.483330,77.833330
Tiruvalam,12.982470,79.266120
Tiruvalla,9.381600,76.574890
Tiruvallur,13.143760,79.908890
Tiruvankod,8.245210,77.301000
Tiruvannamalai,12.226620,79.074610
Tiruvattar,8.330690,77.267320
Tiruvengadam,9.258590,77.674800
Tiruvennanallur,11.858920,79.366450
Tiruverumbur,10.793660,78.768980
Tiruvottiyur,13.158230,80.301810
Tisaiyanvilai,8.337020,77.867760
Tisauli,27.343640,79.030140
Titabar,26.601400,94.203860
Titabor Town,26.591850,94.194450
Titagarh,22.742520,88.373260
Titlagarh,20.289610,83.152330
Titron,29.668240,77.323910
Tittachcheri,10.867380,79.789320
Tittagudi,11.407170,79.122160
Tittangulam,9.170600,77.898350
Tlabung,22.912010,92.497990
Todabhim,26.916670,76.816670
Todaraisingh,26.024010,75.481820
Todi,25.112260,74.260510
Tohana,29.713320,75.904410
Tokuru,12.963840,74.838030
Tola Baliadih,24.737160,86.433440
Tola Chain,24.740820,86.406530
Tola Mansaraut,26.801290,84.539090
Tola Pairamatihana,24.675930,86.347380
Tola Rampurwa Motalke Kurwa Mathia,26.865870,84.527900
Tolur,13.130800,79.957970
Tondalam,11.501370,76.349830
Tondi,9.741730,79.017740
Tonk,26.166380,75.788240
Tonk Khurd,23.098310,76.215520
Tonse East,13.396290,74.721720
Topa,23.736220,85.472910
Topchanchi,23.903810,86.197920
Toramangalam,11.693010,77.903110
Torban,24.767650,93.946910
Tori-Fatehpur,25.455050,79.114280
Torpa,22.936050,85.088920
Torur,17.583500,79.658570
Tosham,28.869930,75.916500
Toto,23.133360,84.527960
Tottakkurichchi,11.071330,78.031490
Trajpar,22.815670,70.866530
Tral,33.927080,75.115850
Trikarpur North,12.145790,75.174750
Trikarpur South,12.116490,75.185170
Trikonavattam,8.889870,76.665880
Trikur,10.461410,76.273450
Trimbak,19.932680,73.529070
Triparappu,8.394790,77.265880
Triprangod,10.842250,75.948560
Tripunittura,9.942830,76.333310
Trittala,10.803030,76.128850
Tseminyu,25.924740,94.216150
Tsrar Sharif,33.863190,74.765240
Tsudikong,26.679790,94.643570
Tudiyalur,11.081590,76.944640
Tuensang,26.267040,94.824150
Tufanganj,26.316880,89.665490
Tukhmir Pur,28.719340,77.260060
Tuli,26.664260,94.642070
Tuljapur,18.008040,76.070110
Tulsipur,27.533700,82.416530
Tumbe,12.868010,74.988450
Tumgaon,21.191240,82.122960
Tumkur,13.341360,77.102200
Tummikapalle,17.913460,83.179000
Tumsar,21.383330,79.733330
Tundhul,23.324680,85.244740
Tundla_Haryana,30.380420,76.856610
Tundla_Uttar_Pradesh,27.214600,78.236830
Tundra,21.676870,82.609190
Tuneri,11.696990,75.634910
Tungidighi,25.783580,87.932680
Tuni,17.359050,82.546070
Tupkhana Pt I,24.855840,92.761230
Tura,25.514210,90.202390
Turaiyur,11.149680,78.598700
Turuvekere,13.163740,76.666410
Tushara,20.489630,83.483990
Tut,31.163580,75.446700
Tuvagudi,10.747250,78.821330
Tyagadurgam,11.741140,79.076980
Ubaidullahganj,22.998340,77.586210
Udaipur_Rajasthan,24.585840,73.713460
Udaipur_Tripura,23.533330,91.483330
Udaipura,23.074340,78.511080
Udaipurwati,27.730110,75.471610
Udaiyarpalaiyam,11.187330,79.293310
Udala,21.578110,86.566760
Udalguri,26.753670,92.102150
Udangudi,8.429180,78.029680
Udayagiri,20.124160,84.368690
Udayendram,12.696200,78.622730
Udgir,18.392580,77.117560
Udhampur,32.924310,75.135730
Udiana,26.460890,91.605980
Udiyavara,13.302470,74.738690
Udpura,24.733550,75.975140
Uduma,12.435850,75.018110
Udumalaippettai,10.588060,77.247790
Udupi,13.334670,74.746170
Ugrakheri,29.378000,77.009340
Ugu,26.796810,80.320930
Ujalaiwadi,16.665360,74.271080
Ujhani,28.003110,79.008210
Ujjain,23.182390,75.776430
Ukal,21.237430,73.577880
Ukhimath,30.515720,79.091800
Ukhrul,25.119570,94.364170
Uklana,29.511240,75.878230
Ukwa,21.971020,80.466250
Ulhasnagar,19.216670,73.150000
Uliyazhathura,8.581650,76.922420
Ullagaram,12.979000,80.197030
Ullal,12.805690,74.860580
Ulliyeri,11.452470,75.766620
Ullur,10.970570,79.406320
Uluberiya,22.475600,88.098980
Ulundurpet,11.690990,79.287300
Umarga,17.838410,76.623310
Umargam,20.197180,72.750350
Umaria,23.524730,80.837160
Umarkhanguda,17.265500,78.672810
Umarkhed,19.601440,77.688780
Umarkot,19.665290,82.206290
Umarsera,20.371390,78.123430
Umbergaon INA,20.169150,72.775020
Umbri,20.713730,77.026390
Umrala,21.843530,71.803050
Umrangso,25.511950,92.737590
Umred,20.853960,79.324660
Umreth,22.698810,73.115610
Umri_Madhya_Pradesh,26.510560,78.936670
Umri_Maharashtra,19.039100,77.645390
Umsning,25.736470,91.888040
Un_Gujarat,23.887450,71.769750
Un_Uttar_Pradesh,29.584790,77.255400
Una_Gujarat,20.823180,71.037950
Una_Himachal_Pradesh,31.464930,76.269140
Unamaucheri,12.860800,80.106590
Uncha Sawana,29.620830,76.999440
Unchagao,16.697460,74.273250
Unchahra,24.382510,80.780880
Undera,22.348350,73.133130
Unhel,23.337940,75.559310
Uniara_Rajasthan,25.915020,76.026000
Unjalur,11.127800,77.869590
Unjha,23.803660,72.391010
Unnamalaikadai,8.299570,77.240620
Unnao,26.547060,80.487810
Upar Hali,26.103110,91.508840
Upleta,21.740150,70.282560
Uppal Kalan,17.405770,78.559110
Uppala,12.684360,74.900680
Uppalavadi,11.765150,79.776450
Upper Sileru Project Site Camp,18.058480,82.032540
Uppidamangalam,10.903380,78.157510
Uppiliyapuram,11.263560,78.513900
Uppinangadi,12.836410,75.246120
Urakam_Kerala,11.051240,75.988330
Uran,18.878130,72.939240
Uravakonda,14.943480,77.254940
Uri,34.086000,74.032000
Urimari,23.705200,85.303310
Urjanagar,19.993680,79.303290
Urmar,31.681370,75.635490
Urun-Islampur,17.050000,74.266670
Usehat,27.797960,79.237630
Usgao,15.433330,74.066670
Usilampatti,9.969360,77.786210
Usuppur,11.381550,79.697020
Utai,21.116670,81.383330
Utarlai,25.814070,71.466150
Utekhol,18.243910,73.286700
Uthukkottai,13.335510,79.890000
Utnur,19.367980,78.776080
Utran,21.233330,72.866670
Utraula,27.319330,82.418720
Uttamapalaiyam,9.807010,77.327180
Uttangarai,12.267130,78.537830
Uttar Athiabari,26.523270,90.961940
Uttar Champamura,23.831180,91.339940
Uttar Krishnapur Part-I,24.790640,92.793400
Uttar Krishnapur Pt III,24.775920,92.792420
Uttarkashi,30.729860,78.443420
Uttiramerur,12.614330,79.757480
Uttukkuli,11.168920,77.454310
Uttukuli,10.651930,76.977800
V.S.K.Valasai (Dindigul-Dist.),10.315490,78.151410
Vada,19.653470,73.148110
Vadakakarai,10.166400,76.201790
Vadakancheri,10.660390,76.246560
Vadakarai Kil Pidagai,9.040080,77.274130
Vadakkanandal,11.781700,78.835400
Vadakkankulam,8.258830,77.608400
Vadakkekkad,10.663540,76.003260
Vadakku Valliyur,8.382860,77.612210
Vadakku Viravanallur,8.697860,77.519160
Vadakkumbagam,10.141810,76.416770
Vadakkumkara,10.304180,76.218940
Vadali,23.942320,73.037840
Vadamadurai,10.440810,78.097840
Vadanappally,10.469050,76.081290
Vadapadam,10.267290,76.266630
Vadasinor,22.956770,73.335050
Vadavalli,11.024720,76.897300
Vaddeswaram,16.447340,80.612730
Vaddu,15.186600,76.631120
Vadgaon,20.375890,78.112580
Vadghar,18.983390,73.103960
Vadi,9.471840,77.876200
Vadipatti,10.084810,77.961130
vadlamuru,17.095450,82.165650
Vadlapudi,14.311190,79.804300
Vadnagar,23.785930,72.638930
Vadodara,22.299410,73.208120
Vadugappatti,10.103630,77.573130
Vagator,15.597660,73.744960
Vaghapur,20.395440,78.110580
Vaghodia,22.305050,73.400160
Vagholi,18.582300,73.983010
Vaijapur,19.926720,74.727500
Vaikam,9.748580,76.396370
Vaithisvarankoil,11.195830,79.707360
Vaittilingapuram,9.475130,77.609770
Vakkam,8.684470,76.767550
Valabhipur,21.888680,71.879350
Valaiyampattu,12.692680,78.634740
Valangaiman,10.890120,79.393220
Valantaravai,9.339050,78.887120
Valasaravakkam,13.043940,80.172510
Valathoor,12.886750,78.846470
Valavandankottai,10.760710,78.837050
Valavanur,11.920940,79.582390
Valavilcheleri,11.952510,75.404310
Valayam,11.725590,75.649210
Valia,21.570760,73.160190
Vallabh Vidyanagar,22.533330,72.900000
Vallachira,10.438370,76.227090
Vallalappatti,10.058370,78.287280
Vallam,10.719880,79.059810
Valparai,10.326910,76.951160
Valpoi,15.532390,74.136710
Valsad,20.610130,72.934280
Valsad INA,20.622840,72.970950
Valvachatottam,8.280310,77.256120
Vanapadi,12.962170,79.328400
Vanavasi,11.749960,77.880110
Vandalur,12.892400,80.080790
Vandavasi,12.504290,79.605560
Vandiyur,9.909170,78.160880
Vangani,19.092440,73.297090
Vanganur,13.182850,79.455310
Vaniyambadi,12.681620,78.620140
Vaniyamkulam,10.783030,76.333580
Vanmenad,10.556700,76.062400
Vansada,20.758170,73.363890
Vanthli,21.477400,70.331150
Vapi,20.371750,72.904930
Vapi INA,20.360060,72.931060
Varadarajampettai,11.355270,79.418600
Varam,11.899590,75.413230
Varamballi,13.364010,74.762620
Varanasi,25.316680,83.010410
Varangaon,21.017670,75.910420
Varappuzha,10.075890,76.271520
Varca,15.232370,73.943110
Vareli,21.177310,72.951090
Varkala,8.733300,76.716700
Varphalia,21.827690,74.219140
Varsoli,18.666460,72.869230
Vartej,21.739470,72.065530
Vasco da Gama,15.395850,73.815680
Vasind,19.408440,73.262850
Vaso,22.660790,72.755190
Vasudevanallur,9.241710,77.411770
Vatakemuri,10.417600,76.154160
Vathirairuppu,9.635280,77.638890
Vativellupalli,16.247920,78.797550
Vattalkundu,10.160690,77.758830
Vattiyurkavu,8.524690,76.988860
Vav,24.364590,71.512030
Vavarai,8.292100,77.161690
Vavdi Bujarg,22.775320,73.642130
Vavol,23.225230,72.620930
Vayalar,9.711580,76.338880
Vayilathur,10.639210,76.015740
Vazhakkala,10.012390,76.326330
Vazhakulam,10.093800,76.419800
Vazhapadi,11.655410,78.401170
Vazhayur,11.217290,75.899870
Vedappatti,10.998820,76.896020
Vedaraniyam,10.372080,79.850950
Vedasandur,10.531020,77.950190
Veeraganur,11.476850,78.735220
Vegarai,11.090250,77.967910
Vehicle Factory Area Jabalpur,23.226570,79.976950
Veillyachi,8.151670,77.336620
Vejalpur,22.690210,73.562990
Velampalaiyam,11.137640,77.310640
Velankanni,10.683330,79.833330
Velappakkam,12.852540,79.295790
Vellakkalpatty,11.703200,78.103350
Vellakkinar,11.073640,76.956630
Vellakkovil,10.946270,77.712420
Vellalur,10.977470,77.026010
Vellanikkara,10.547460,76.258280
Vellanur,13.158040,80.106340
Vellarivalli,11.267190,77.455250
Vellavadanparappu,11.185370,77.842450
Vellookkara,10.323230,76.216040
Velloorkunnam,10.004740,76.547380
Vellore,12.918400,79.132550
Vellur,8.626170,76.830530
Velur,11.108250,78.001130
Veluthur,10.539740,76.223750
Vemalwada,18.465230,78.868940
Vembadithalam,11.567410,78.010950
Vengambur,11.105310,77.878310
Venganoor,8.396380,77.003310
Vengara,11.050830,75.978060
Vengattur,13.099880,79.932070
Vengavasal,12.899110,80.169000
Vengikkal,12.264160,79.067450
Venginissery,10.468090,76.200630
Vengola Kizhakkumbagam,10.063740,76.476060
Vengurla,15.861250,73.631820
Venkatachalapuram,9.374650,77.910060
Venkatagiri,13.960050,79.580320
Venkatapura,14.032130,74.533290
Venkatapuram,12.534410,78.201980
Venkatraipur,19.259270,84.888000
Venkidanga,10.519170,76.085990
Vennandur,11.515180,78.090730
Vepagunta,17.778440,83.215770
Veparala,14.857180,78.348060
Veppathur,11.016070,79.441800
Veraval,20.907700,70.367860
Verna,15.354790,73.924540
Verukulambu,8.295310,77.293870
Vetapalem,15.785020,80.306630
Vettaikkaranpudur,10.562070,76.913050
Vettanad,8.605870,76.942350
Vettavalam,12.107690,79.245160
Vettur,8.717420,76.725820
Vidisha,23.526040,77.810920
Vidyavihar,28.368120,75.583980
Vijalpor,20.922120,72.909450
Vijapur,23.562300,72.748480
Vijayanagar,23.997500,73.285530
Vijayapura_Karnataka,16.824420,75.715370
Vijayapuram,9.591230,76.561240
Vijayapuri,11.245300,77.500660
Vijayapuri North,16.585340,79.320460
Vijayawada,16.507450,80.646600
Vijaypur,32.565320,75.018590
Vikarabad,17.338100,77.904410
Vikasnagar,30.469440,77.772750
Vikramasingapuram,8.714770,77.390320
Vikramgad,19.797160,73.094850
Vikravandi,12.036900,79.545950
Vilachcheri,9.893680,78.060340
Vilangudi,9.945780,78.093520
Vilankurichi,11.071470,77.017290
Vilappil,8.522180,77.040010
Vilar,10.731260,79.155410
Vilattikulam,9.132270,78.166350
Vilavancode,8.312900,77.204800
Vilavoorkkal,8.480930,77.022040
Vilavur,8.266920,77.305220
Vilholi,19.923280,73.717260
Villianur,11.913930,79.755680
Villiappally,11.624950,75.628750
Villukuri,8.222600,77.373230
Villupuram,11.939750,79.492440
Vinchia,22.210270,71.379670
Vinnamala,13.907380,79.908550
Vinukonda,16.053100,79.739640
Viraganur_Tamil_Nadu,11.476130,78.735530
Virajpet,12.196440,75.805120
Virakeralam,11.007720,76.912620
Viralimalai,10.602260,78.547110
Viramgam,23.125640,72.050140
Virapandi,11.062470,77.350760
Virapandiyanpattanam,8.518990,78.118320
Virappanchathiram,11.353140,77.712530
Virar,19.455910,72.811360
Viraraghavapuram,13.073060,80.107780
Viratnagar,27.435380,76.182970
Virinchipuram,12.923430,79.021860
Virnur,11.844330,77.847300
Virpur,23.189200,73.479870
Virudampattu,12.959450,79.144360
Virudhachalam,11.514970,79.328240
Virudunagar,9.585090,77.957870
Virugambakkam,13.046320,80.191310
Visakhapatnam,17.680090,83.201610
Visavadar,21.339540,70.749660
Visharam,12.918080,79.277560
Visnagar,23.698550,72.552100
Visrampuree,20.079120,81.771950
Viswanatham,9.429520,77.800320
Vite,17.273430,74.537920
Vithal Udyognagar INA,22.533960,72.925380
Vittal,12.763250,75.098960
Vizianagaram,18.116920,83.411480
Vovale,18.975670,73.063390
Vriddhachalam,11.518300,79.324110
Vrindavan,27.581050,77.696620
Vubatalai,11.359740,76.764950
Vuyyuru,16.363070,80.844060
Vyara,21.110790,73.393650
Vypin,9.966670,76.250000
Wadgaon Kolhati,19.843070,75.236000
Wadgaon Sarhad,19.903550,76.482330
Wadgaon Tejan,20.052140,76.510670
Wadgaon_Maharashtra,16.835530,74.313380
Wadi,17.051830,76.990480
Wadi Ratnagiri,16.801210,74.179780
Wadrupnagar,23.766440,83.206440
Waghai,20.770480,73.500740
Waghoda,21.373150,78.934890
Wai,17.952760,73.890580
Wail,34.270740,74.803610
Wajegaon,19.143890,77.345720
Walajabad,12.790410,79.823580
Walajapet,12.925100,79.366260
Walhur,20.055930,76.483170
Walni,21.323140,79.087160
Waluj Buzurg,19.796320,75.226480
Walwadi,20.920850,74.761110
Wanadongri,21.093800,78.972730
Wangjing,24.589210,94.063860
Wangoi,24.674860,93.899940
Wani,20.055070,78.953130
Wankaner,22.611980,70.943790
Wanparti,16.367380,78.068890
Warangal,18.000000,79.583330
Waraseoni,21.761840,80.043010
Wardha,20.739330,78.597840
Wardhamna,21.126950,78.950260
Wari,21.153130,79.007600
Waris Aliganj,25.017200,85.640470
Warora,20.228850,79.002770
Warud,21.471010,78.269650
Washim,20.111280,77.133000
Watargam,34.319440,74.373610
Wazirganj,28.211450,79.056650
Weir,27.018600,77.176360
Wellington,11.365520,76.784420
West Bunghmun,23.180240,92.486960
Williamnagar,25.495500,90.616800
Wokha,26.097170,94.258170
Worthi,21.240130,79.644240
Xeldem,15.250000,74.083330
Yadagirigutta,17.588940,78.943360
Yadgir,16.770070,77.137550
Yairipok,24.677920,94.047670
Yamjal,17.269440,78.576670
Yamuna Nagar,30.127960,77.283710
Yamuna Vihar,28.698760,77.273710
Yanam,16.733080,82.213640
Yanamalakuduru,16.485310,80.667460
Yarada,17.658720,83.274190
Yaripur,33.722490,75.018100
Yaval,21.167720,75.697620
Yavatmal,20.393240,78.132010
Yechagam,33.987340,74.751660
Yehiapur,26.148950,85.396370
Yelagiri,12.579690,78.640130
Yelahanka,13.100730,77.596320
Yelandur,12.046290,77.030340
Yelbarga,15.615450,76.011840
Yellandu,17.590640,80.321460
Yellapur,14.963700,74.709290
Yellareddi,18.194330,78.017770
Yelur,15.781580,74.518190
Yenugonda,16.756670,78.035730
Yenumalapalle,14.144240,77.816850
Yeola,20.042400,74.489440
Yercaud,11.775990,78.209270
Yerkhera,21.216490,79.185450
Yerrabalem,13.704600,80.018600
Yingkiong,28.610370,95.047530
Yol,32.164230,76.196220
Yol Cantonment,32.184460,76.381580
Zafarabad,25.698670,82.733540
Zahirabad,17.681380,77.607430
Zaidpur,26.830930,81.329290
Zamania,25.419610,83.557860
Zawlnuam,24.134660,92.331940
Zerakpur,30.656220,76.820930
Ziauddin Pur,28.708730,77.276540
Zira,30.968530,74.991060
Ziro,27.594970,93.838540
Zotirpada,18.585490,73.096600
Zunheboto,25.966670,94.516670
